Unnamed: 0,S1 File. Dataset of 62 patients,Unnamed: 2,Unnamed: 3,Unnamed: 4,Unnamed: 5,Unnamed: 6,Unnamed: 7,Unnamed: 8,Unnamed: 9,Unnamed: 10,Unnamed: 11,Unnamed: 12,Unnamed: 13,Unnamed: 14,Unnamed: 15,Unnamed: 16,Unnamed: 17,Unnamed: 18,Unnamed: 19,Unnamed: 20,Unnamed: 21,Unnamed: 22,Unnamed: 23,Unnamed: 24,Unnamed: 25,Unnamed: 26,Unnamed: 27,Unnamed: 28,Unnamed: 29,Unnamed: 30,Unnamed: 31,Unnamed: 32,Unnamed: 33,Unnamed: 34,Unnamed: 35,Unnamed: 36,Unnamed: 37,Unnamed: 38,Unnamed: 39,Unnamed: 40,Unnamed: 41,Unnamed: 42,Unnamed: 43,Unnamed: 44,Unnamed: 45,Unnamed: 46,Unnamed: 47,Unnamed: 48,Unnamed: 49,Unnamed: 50,Unnamed: 51,Unnamed: 52,Unnamed: 53,Unnamed: 54,Unnamed: 55,Unnamed: 56,Unnamed: 57,Unnamed: 58,Unnamed: 59,Unnamed: 60,Unnamed: 61,Unnamed: 62,Unnamed: 63,Unnamed: 64,Unnamed: 65,Unnamed: 66,Unnamed: 67,Unnamed: 68,Unnamed: 69,Unnamed: 70,Unnamed: 71,Unnamed: 72,Initial data - exercise,Unnamed: 74,Unnamed: 75,Unnamed: 76,Unnamed: 77,Unnamed: 78,Unnamed: 79,Unnamed: 80,Unnamed: 81,End data - Headache characteristics,Unnamed: 83,Unnamed: 84,Unnamed: 85,Unnamed: 86,Unnamed: 87,Unnamed: 88,Unnamed: 89,Unnamed: 90,Closing Material-Exercise,Unnamed: 92,Unnamed: 93,Unnamed: 94,Unnamed: 95,Unnamed: 96,Unnamed: 97,Unnamed: 98,Unnamed: 99,Unnamed: 100,Unnamed: 101,Unnamed: 102,Unnamed: 103,End data - Compliance,Unnamed: 105,Unnamed: 106,Unnamed: 107,Unnamed: 108,Unnamed: 109,Unnamed: 110,Unnamed: 111,Unnamed: 112,Unnamed: 113,Unnamed: 114,Unnamed: 115,Closing data - Comprehensive records,Unnamed: 117,Unnamed: 118,Unnamed: 119,Unnamed: 120,Unnamed: 121,Unnamed: 122,Unnamed: 123,Unnamed: 124,Total triggers recorded on,Unnamed: 126,Unnamed: 127,Unnamed: 128,Unnamed: 129,Unnamed: 130,Unnamed: 131,Unnamed: 132,Unnamed: 133,Unnamed: 134,Unnamed: 135,Unnamed: 136,Unnamed: 137,Unnamed: 138,Unnamed: 139,Unnamed: 140,Unnamed: 141,Unnamed: 142,Unnamed: 143,Unnamed: 144,Unnamed: 145,Unnamed: 146,Unnamed: 147,Unnamed: 148,Date of recording of triggers associated with headaches,Unnamed: 150,Unnamed: 151,Unnamed: 152,Unnamed: 153,Unnamed: 154,Unnamed: 155,Unnamed: 156,Unnamed: 157,Unnamed: 158,Unnamed: 159,Unnamed: 160,Unnamed: 161,Unnamed: 162,Unnamed: 163,Unnamed: 164,Unnamed: 165,Unnamed: 166,Unnamed: 167,Unnamed: 168,Unnamed: 169,Unnamed: 170,Unnamed: 171,Unnamed: 172,Unnamed: 173,Unnamed: 174,Unnamed: 175,Unnamed: 176,Unnamed: 177,Unnamed: 178,Unnamed: 179,Unnamed: 180,Unnamed: 181,Unnamed: 182,Unnamed: 183,Unnamed: 184
Unique number,Registration number,Study number,gender,years,hospital,height,Height unknown,weight,weight unknown,bmi,Research start date,Record start date,Migraine Diagnosis,Migraine Diagnosis Other,Headache frequency (day/month),Duration of disease (years),E-diary accessibility,Duration (hours/times),headache intensity,Headache intensity (VAS),Park Dong-seong,laterality,The daily grind of exercise,zone,puke,Photosensitivity,Noise sensitivity,Sensitivity to smell,Start research - HIT6,Start of research - MIDAS,HADS-D,HADS-A,Acute Care Frequency,Type 1,Type 2,Type Other,Preventive treatment type 1,Preventive treatment type 2,Preventive treatment type Other 1,Types of preventive treatment Other 2,Total number of triggers,Count confirmed in the diary,,comparison,stress,excessive sleep,lack of sleep,work out,not exercising,physical fatigue,Menstrual cycle: menstruation,Menstrual cycle: ovulation,excessive emotional changes,Weather/temperature changes,excessive sunlight,noise,inadequate lighting,"Specific odor (cosmetics, perfume, etc.)",excessive drinking,Irregular eating (e.g. on an empty stomach),surfeit,excessively caffeinated drinks,excessive smoking,cheese chocolate,travel,etc,Contribution (%),Start of study - Frequency of vigorous exercise (days/week),Start of study - Vigorous exercise time (minutes/day),Start of study - Frequency of vigorous exercise - unknown,Start of study - Intermediate exercise frequency (days/week),Start of study - Intermediate exercise time (minutes/day),Start of study - Frequency of moderate exercise - unknown,Start of study - Frequency of walking exercise (days/week),Start of study - Walking exercise time (minutes/day),Research begins - Frequency of walking exercise - unknown,Start of study - sitting time (minutes/day),Start of research - sitting time - unknown,Research end date,Research period,Weight at end of study,Termination or not,unfinished,Reason for non-finishment,HIT,MIDAS,Study completion - Vigorous exercise frequency (days/week),Study completion - Vigorous exercise time (minutes/day),Study completed - Vigorous exercise frequency - unknown,Study completion - Intermediate exercise frequency (days/week),Study completion - Intermediate exercise time (minutes/day),Study completed - Intermediate exercise frequency - unknown,Study completed - Frequency of walking exercise (days/week),Study completion - Walking exercise time (minutes/day),Study completed - Frequency of walking exercise - unknown,Study completion - sitting time (minutes/day),Study completed - sitting time - unknown,record compliance,recording time,Reason for not recording,Reasons for non-recording Other,Diary time required (minutes),Identify triggers,Reduction in headache occurrence,Improvement of dosing ability,Increase in medical satisfaction,Explainability of symptoms,Paper journal experience,Future diary records,Future log record format,Registration date,Modification date,,recording rate,Research period,,record date,Headache occurrence date,Headache incidence rate,Induced Headache Unification Day,Induced headache rate,Non-provoking headache unification day,Trigger factor record date,,stress,excessive sleep,lack of sleep,work out,Not exercising,Dundong Total,physical fatigue,Menstrual cycle: menstruation,Menstrual cycle: ovulation,excessive emotional changes,Weather/temperature changes,excessive sunlight,noise,specific smell,lighting,drink,irregular eating,surfeit,Cheese/Chocolate,excessively caffeinated drinks,excessive smoking,travel,etc,,stress,excessive sleep,lack of sleep,work out,Not exercising,total exercise,physical fatigue,Menstrual cycle: menstruation,Menstrual cycle: ovulation,excessive emotional changes,Weather/temperature changes,excessive sunlight,noise,specific smell,lighting,drink,irregular eating,surfeit,Cheese/Chocolate,excessively caffeinated drinks,excessive smoking,travel,etc,,,All in one day,mediastinal exercise day,Total days of moderate exercise,shooting exercise time,Total moderate exercise time,,All in one day,mediastinal exercise day,Total days of moderate exercise,shooting exercise time,Total moderate exercise time
2,cmc-0001,M-001,female,20,Uijeongbu,155,,56,,23.3,2014-08-19 00:00:00,2014-08-19 00:00:00,Migraine without aura,,4,3,yes,24,severity,6,yes,yes,yes,no,no,no,yes,yes,54,0,5,13,4,others,,,Indenol,1,,,3,4,1.0,1,1,,,,,1,,,,,,1,,,,,,,,,,,70,,,doesn't exist,,,doesn't exist,5,120,,300,,2014-11-12 00:00:00,85,Don't know,yes,,,54,1,,,doesn't exist,2,Not accurate,,5,30,,,Don't know,more than half,irregularly,forgot,,1,A little bit like that,no,Yes,no,Yes,Yes,A little bit like that,Yes,2015-01-13 15:25:15,2015-04-14 08:56:27,,74.11764705882354,85,,63,4,6.349206349206349,3,75,1,61,,27,13,14,0,45,45,32,1,0,1,5,5,5,4,0,0,6,,8,0,0,1,0,,2,0,0,0,0,0,2,0,0,0,0,1,2,0,0,0,0,0,0,0,0,0,0,,,0,0,0,0,0,,0,0,0,0,0
3,cmc-0002,M-002,female,38,Uijeongbu,155,,53,,22.1,2014-08-25 00:00:00,2014-08-25 00:00:00,Migraine without aura,,3,3,yes,72,depth of field,8,yes,no,no,yes,no,yes,yes,yes,61,24,2,5,2,Triptan,,,Indenol,1,,,1,10,9.0,1,,,,,,,,,,,,,,,,,,,,,,Y,90,,,doesn't exist,,,doesn't exist,3,30,,240,,2014-11-12 00:00:00,79,Don't know,yes,,,60,15,3,60,,1,30,,4,40,,60,,everyday,everyday,forgot,,2,Yes,A little bit like that,A little bit like that,A little bit like that,A little bit like that,A little bit like that,A little bit like that,Yes,2015-01-13 15:28:04,2015-04-14 09:00:28,,91.13924050632912,79,,72,16,22.22222222222222,14,87.5,2,14,,4,0,1,0,0,0,1,3,0,3,2,1,0,1,0,0,1,0,0,0,0,0,1,,3,0,1,0,0,0,1,3,0,3,2,1,0,1,0,0,1,0,0,0,0,0,1,,,6,0,6,0,190,,1,0,1,0,30
5,cmc-0003,M-003,female,20,Uijeongbu,155,,55,,22.9,2014-08-26 00:00:00,2014-08-26 00:00:00,Migraine without aura,,8,15,yes,24,depth of field,7,yes,no,yes,yes,no,no,no,no,75,30,5,2,10,Triptan,,,,,,,1,12,11.0,1,,,,,,1,,,,,,,,,,,,,,,,,85,,,doesn't exist,,,doesn't exist,,,doesn't exist,480,,2014-11-18 00:00:00,84,Don't know,yes,,,66,35,,,doesn't exist,,,doesn't exist,,,doesn't exist,480,,more than half,everyday,forgot,,1,Yes,Yes,Yes,Yes,Yes,Yes,A little bit like that,Yes,2015-01-13 15:44:36,2015-04-14 09:05:15,,82.14285714285714,84,,69,22,31.88405797101449,15,68.18181818181817,7,35,,9,1,7,0,2,2,19,3,5,4,0,0,0,0,0,2,1,1,0,0,0,0,2,,8,1,3,0,2,2,5,2,1,3,0,0,0,0,0,1,0,1,0,0,0,0,1,,,1,0,1,0,120,,1,0,1,0,120
6,cmc-0004,M-004,female,37,Uijeongbu,164,,52,,19.3,2014-08-26 00:00:00,2014-08-26 00:00:00,Migraine without aura,,3,6,yes,4,depth of field,8,yes,yes,yes,yes,yes,yes,yes,no,65,12,9,7,8,AAPER,,,,,,,2,5,3.0,1,,,,,,,1,,,,,,,,,,1,,,,,,20,1,180,,1,60,,3,120,,240,,2014-11-18 00:00:00,84,No change,yes,,,66,10,1,60,,1,60,,7,120,,300,,more than half,everyday,forgot,,2,Yes,Yes,Yes,Yes,Yes,Yes,A little bit like that,Yes,2015-01-13 15:51:03,2015-04-14 09:08:41,,76.19047619047619,84,,64,5,7.8125,4,80,1,6,,0,0,0,0,0,0,0,5,0,0,0,1,1,0,0,0,1,1,0,0,0,0,0,,0,0,0,0,0,0,0,3,0,0,0,1,1,0,0,0,1,1,0,0,0,0,0,,,4,0,4,0,280,,1,0,1,0,40
8,cmc-0006,CM-001,female,46,Uijeongbu,157,,52,,21.1,2014-08-29 00:00:00,2014-08-29 00:00:00,Migraine without aura,,15,12,yes,24,depth of field,8,yes,yes,yes,yes,no,yes,yes,no,66,28,6,12,7,others,,,Topamax,1,,,0,3,3.0,1,,,,,,,,,,,,,,,,,,,,,,,0,1,180,,,,doesn't exist,7,240,,420,,2014-11-25 00:00:00,88,Don't know,yes,,,56,2,,,Don't know,,,doesn't exist,7,Don't know,,420,,everyday,everyday,disgust,,3,Yes,Yes,A little bit like that,Yes,Yes,Yes,A little bit like that,Yes,2015-01-13 16:04:11,2015-04-14 09:13:35,,92.04545454545455,88,,81,18,22.22222222222222,5,27.77777777777778,13,18,,1,0,10,0,0,0,1,6,0,0,7,4,5,1,0,1,2,5,0,0,0,0,0,,0,0,0,0,0,0,0,5,0,0,2,0,0,1,0,0,0,0,0,0,0,0,0,,,0,0,0,0,0,,0,0,0,0,0
10,cmc-0008,M-007,female,37,Uijeongbu,160,Y,50,,19.5,2014-08-29 00:00:00,2014-08-29 00:00:00,Migraine without aura,,4,3,yes,48,depth of field,8,yes,yes,yes,yes,no,no,no,no,69,6,4,5,4,Triptan,,,,,,,4,5,1.0,1,1,O,1,1,O,1,O,O,O,O,O,O,O,O,O,O,O,O,O,O,O,N,70,,,doesn't exist,,,,7,180,,,Don't know,2014-11-26 00:00:00,89,Don't know,no,,,63,20,,,doesn't exist,,,doesn't exist,7,60,Don't know,120,Don't know,less than half,everyday,forgot,,2,Very much so,Yes,Yes,Yes,Yes,A little bit like that,A little bit like that,Yes,2015-01-13 16:17:44,2015-04-14 09:15:17,,100,89,,89,22,24.719101123595504,22,100,0,83,,39,0,10,0,0,0,11,0,0,0,52,0,0,0,0,0,0,0,0,0,0,0,3,,15,0,6,0,0,0,6,0,0,0,12,0,0,0,0,0,0,0,0,0,0,0,3,,,16,0,16,0,270,,0,0,0,0,0
11,cmc-0009,M-008,female,32,Uijeongbu,,Y,,Y,,2014-09-02 00:00:00,2014-09-02 00:00:00,Migraine without aura,,3,16,yes,72,depth of field,7,yes,yes,yes,yes,no,no,no,no,64,6,6,8,5,Triptan,,,Balfrate,1,,,0,5,5.0,1,,,,,,,,,,,,,,,,,,,,,,,50,2,270,,,,doesn't exist,5,Not accurate,,480,,2014-10-28 00:00:00,56,Don't know,yes,,,64,6,,,doesn't exist,1,5,,5,60,,400,,everyday,everyday,,,3,A little bit like that,no,no,no,no,Yes,A little bit like that,Yes,2015-01-13 16:24:22,2015-04-14 09:17:16,,100,56,,56,16,28.57142857142857,8,50,8,8,,7,0,2,0,0,0,1,1,0,0,0,0,0,0,0,0,0,0,0,0,0,0,1,,7,0,2,0,0,0,1,1,0,0,0,0,0,0,0,0,0,0,0,0,0,0,1,,,0,0,0,0,0,,0,0,0,0,0
16,cmc-0010,M-009,female,55,Uijeongbu,,,,,,2014-09-02 00:00:00,2014-09-02 00:00:00,Migraine without aura,,4,20,yes,72,depth of field,8,yes,yes,yes,yes,yes,yes,yes,yes,98,10,8,8,2,Triptan,,,Indenol,1,,,0,8,8.0,1,O,O,O,O,O,O,O,O,O,O,O,O,O,O,O,O,O,O,O,O,O,N,60,,,doesn't exist,,,doesn't exist,4,80,,,Don't know,2014-12-01 00:00:00,90,Don't know,yes,,,60,15,,,doesn't exist,5,80,,,,doesn't exist,,Don't know,everyday,everyday,forgot,,5,Yes,Yes,Yes,Yes,Yes,Yes,A little bit like that,,2015-01-14 14:32:23,2015-02-04 06:02:07,,77.77777777777779,90,,70,15,21.428571428571427,14,93.33333333333333,1,15,,10,0,8,0,1,1,8,0,0,3,0,0,1,2,0,0,2,0,0,0,0,1,2,,10,0,7,0,0,0,7,0,0,3,0,0,0,2,0,0,2,0,0,0,0,1,2,,,35,2,35,160,2660,,0,0,0,0,0
17,cmc-0011,M-010,female,42,Uijeongbu,,Y,,Y,,2014-09-06 00:00:00,2014-09-06 00:00:00,Migraine without aura,,12,22,yes,24,depth of field,8,yes,yes,yes,yes,yes,yes,yes,no,62,30,3,11,6,Triptan,,,Topamax,1,,,0,5,5.0,1,,,,,,,,,,,,,,,,,,,,,,,50,2,60,,,,doesn't exist,5,20,,,Don't know,2014-12-17 00:00:00,102,Don't know,yes,,,62,49,3,180,,1,120,,6,120,,480,,everyday,,,,,Yes,A little bit like that,no,Yes,Very much so,A little bit like that,A little bit like that,Yes,2015-01-14 14:38:28,2015-04-14 12:24:51,,61.76470588235294,102,,63,15,23.809523809523807,7,46.666666666666664,8,22,,3,0,10,0,0,0,9,3,1,3,0,0,0,0,0,0,1,0,0,0,0,0,0,,0,0,3,0,0,0,2,3,1,0,0,0,0,0,0,0,1,0,0,0,0,0,0,,,0,0,0,0,0,,0,0,0,0,0
18,cmc-0022,M-011,female,40,Uijeongbu,,Y,,Y,,2014-09-12 00:00:00,2014-09-12 00:00:00,Migraine without aura,,5,3,yes,24,depth of field,8,yes,yes,yes,yes,yes,yes,yes,no,76,70,14,12,1,Triptan,,,Topamax,1,,,5,5,0.0,0,1,O,1,O,O,O,O,O,O,1,1,O,O,O,1,O,O,O,O,O,O,N,60,,,doesn't exist,5,30,,3,60,,,Don't know,2014-12-23 00:00:00,102,Don't know,yes,,,48,18,,,doesn't exist,,,doesn't exist,7,Don't know,,,Don't know,everyday,everyday,,,1,Yes,no,A little bit like that,Yes,Very much so,A little bit like that,A little bit like that,Yes,2015-01-14 14:49:10,2015-04-12 19:29:52,,97.05882352941177,102,,99,16,16.161616161616163,10,62.5,6,10,,0,0,2,0,0,0,1,1,0,0,5,0,0,0,0,0,0,0,0,0,0,0,3,,0,0,2,0,0,0,1,1,0,0,5,0,0,0,0,0,0,0,0,0,0,0,3,,,40,0,40,0,2690,,7,0,7,0,390
28,cmc-0023,M-012,female,35,Uijeongbu,154,,44,,18.6,2014-09-16 00:00:00,2014-09-16 00:00:00,Migraine without aura,,10,17,yes,96,depth of field,10,no,no,yes,yes,yes,yes,yes,no,64,60,10,5,3,NSAIDs,,,Topamax,1,,,5,12,7.0,1,1,O,1,O,O,1,1,1,O,O,O,O,O,O,O,O,O,O,O,O,O,N,60,0,0,doesn't exist,3,60,,7,60,,180,,2014-12-23 00:00:00,98,No change,yes,,,68,54,3,180,,7,60,,7,120,,120,,everyday,everyday,,,2,Yes,no,A little bit like that,Yes,A little bit like that,A little bit like that,A little bit like that,Yes,2015-01-16 02:14:34,2015-01-20 09:38:09,,100,98,,98,60,61.224489795918366,57,95,3,79,,27,4,27,6,2,8,16,21,0,6,1,0,0,0,0,3,1,0,0,0,0,0,9,,23,1,19,2,0,2,13,18,0,3,1,0,0,0,0,3,1,0,0,0,0,0,8,,,16,1,16,60,1810,,8,1,8,60,850
55,cmc-0024,CM-002,female,34,Uijeongbu,158,,47,,18.8,2014-09-15 00:00:00,2014-09-15 00:00:00,Migraine without aura,,30,7,yes,24,depth of field,8,yes,yes,yes,no,no,no,yes,no,63,18,6,4,1,,,,,,,,9,7,-2.0,-1,1,1,1,O,O,1,O,O,1,O,O,1,O,1,1,1,O,O,O,O,O,N,90,0,0,doesn't exist,0,0,doesn't exist,0,0,Don't know,540,,2014-12-09 00:00:00,85,No change,yes,,,63,16,0,0,doesn't exist,0,0,doesn't exist,1,120,,450,,everyday,irregularly,forgot,,2,no,no,no,A little bit like that,,A little bit like that,A little bit like that,Yes,2015-01-20 09:15:06,2015-04-12 19:30:22,,94.11764705882352,85,,80,15,18.75,14,93.33333333333333,1,15,,4,1,2,0,0,0,3,0,0,6,0,0,1,0,0,0,0,0,0,0,0,0,2,,3,1,2,0,0,0,2,0,0,6,0,0,1,0,0,0,0,0,0,0,0,0,2,,,0,0,0,0,0,,0,0,0,0,0
56,cmc-0025,CM-003,female,39,Uijeongbu,156,,53,,21.8,2014-09-15 00:00:00,2014-09-15 00:00:00,Migraine without aura,,15,18,yes,7,depth of field,8,yes,yes,no,yes,yes,yes,yes,yes,60,15,11,4,5,,,,Topamax,1,,,5,17,12.0,1,1,O,1,O,O,O,O,O,O,O,1,1,O,1,O,O,O,O,O,O,O,N,100,,,doesn't exist,2,180,,4,120,,300,,2014-12-08 00:00:00,84,Don't know,yes,,,60,10,,,doesn't exist,,,doesn't exist,7,120,,300,,more than half,Headache,forgot,,1,Yes,Yes,Yes,Yes,Yes,Yes,A little bit like that,Yes,2015-01-20 09:51:43,2015-04-12 19:30:57,,75,84,,63,38,60.317460317460316,37,97.36842105263158,1,42,,8,0,20,3,0,3,10,4,0,2,2,3,20,36,0,0,7,1,5,2,0,1,10,,8,0,19,2,0,2,10,3,0,2,2,2,18,32,0,0,5,1,5,1,0,1,10,,,25,1,24,120,1180,,11,1,10,120,500
59,cmc-0026,M-013,male,40,Uijeongbu,168,,69,,24.4,2014-09-16 00:00:00,2014-09-16 00:00:00,Migraine with aura,,4,1,yes,4,severity,7,yes,yes,yes,yes,no,no,,no,66,14,4,4,3,others,,,Indenol,1,,,0,10,10.0,1,,,,,,,,,,,,,,,,,,,,,,,70,,,doesn't exist,,,doesn't exist,3,20,,240,,2014-12-09 00:00:00,84,Don't know,no,Tracking failed,,66,10,,,doesn't exist,,,doesn't exist,7,30,,500,,more than half,everyday,forgot,,2,A little bit like that,A little bit like that,A little bit like that,A little bit like that,A little bit like that,Yes,A little bit like that,Yes,2015-01-20 11:11:01,2015-04-12 19:34:41,,91.66666666666666,84,,77,6,7.792207792207792,6,100,0,18,,2,1,14,0,0,0,5,0,0,1,1,0,0,0,0,1,0,4,0,1,0,0,2,,2,1,4,0,0,0,4,0,0,1,1,0,0,0,0,1,0,2,0,1,0,0,1,,,4,0,4,0,270,,2,0,2,0,130
57,cmc-0027,cm-004,female,41,Uijeongbu,,Y,,Y,,2014-09-16 00:00:00,2014-09-16 00:00:00,Migraine without aura,,15,9,yes,24,depth of field,9,yes,yes,yes,yes,no,no,no,no,66,40,5,4,15,others,,,Topamax,1,,,0,8,8.0,1,,,,,,,,,,,,,,,,,,,,,,,80,,,doesn't exist,2,not accurate,,5,30,,,Don't know,2014-12-29 00:00:00,104,No change,yes,,,60,0,2,30,,,,doesn't exist,3,60,,180,,everyday,everyday,,,5,A little bit like that,no,no,A little bit like that,A little bit like that,A little bit like that,A little bit like that,A little bit like that,2015-01-20 09:57:34,2015-01-20 10:08:25,,97.11538461538461,104,,101,49,48.51485148514851,25,51.02040816326531,24,25,,5,0,2,0,0,0,4,0,0,1,3,2,0,2,0,0,0,0,0,0,0,0,17,,5,0,2,0,0,0,4,0,0,1,3,2,0,2,0,0,0,0,0,0,0,0,17,,,19,0,19,0,1010,,9,0,9,0,490
60,cmc-0028,M-014,female,31,Uijeongbu,157,,58,,23.5,2014-09-17 00:00:00,2014-09-17 00:00:00,Migraine without aura,,8,12,yes,24,depth of field,10,yes,yes,yes,no,no,no,yes,no,65,20,2,3,11,NSAIDs,,,,,,,10,4,-6.0,-1,1,O,1,1,O,O,1,O,O,1,O,1,O,1,1,O,1,O,O,1,O,N,90,,,doesn't exist,7,30,,7,60,,60,,2014-12-10 00:00:00,84,No change,yes,,,60,10,,,doesn't exist,,,doesn't exist,7,60,,60,,more than half,irregularly,forgot,,2,A little bit like that,A little bit like that,no,Very much so,Very much so,A little bit like that,Yes,Yes,2015-01-20 11:24:28,2015-04-12 19:35:59,,101.19047619047619,84,,85,23,27.058823529411764,8,34.78260869565217,15,8,,1,0,2,0,0,0,0,3,0,0,0,0,0,0,0,3,0,0,0,0,0,0,0,,1,0,2,0,0,0,0,3,0,0,0,0,0,0,0,3,0,0,0,0,0,0,0,,,13,0,13,0,480,,4,0,4,0,150
61,cmc-0029,M-015,male,34,Uijeongbu,176,,64,,20.7,2014-09-17 00:00:00,2014-09-17 00:00:00,Migraine without aura,,4,4,yes,24,severity,4,yes,yes,yes,no,no,yes,no,no,50,12,113,8,,doesn't exist,,,Indenol,1,,,5,13,8.0,1,1,O,1,O,O,1,O,O,O,O,1,O,1,O,O,O,O,O,O,O,O,N,80,,,doesn't exist,1,60,,1,40,,360,,2014-12-17 00:00:00,91,,yes,,,46,10,,,doesn't exist,1,30,,7,60,,240,,more than half,irregularly,forgot,,1,,no,no,Yes,Yes,Yes,A little bit like that,Yes,2015-01-20 11:30:27,2015-01-22 15:56:49,,90.10989010989012,91,,82,22,26.82926829268293,21,95.45454545454545,1,81,,38,1,34,0,10,10,45,0,0,11,18,9,86,1,1,0,7,1,4,84,96,2,1,,17,0,16,0,0,0,20,0,0,4,6,4,9,1,1,0,4,0,0,12,19,0,1,,,0,0,0,0,0,,0,0,0,0,0
65,cmc-0031,M-017,female,44,Uijeongbu,169,,78,,27.3,2014-09-30 00:00:00,2014-09-30 00:00:00,Migraine without aura,,5,6,yes,72,depth of field,8,yes,yes,no,yes,yes,no,yes,no,61,10,6,7,5,Triptan,,,,,,,4,9,5.0,1,1,O,1,O,O,O,1,O,O,O,O,O,O,O,1,O,O,O,O,O,O,N,80,2,90,,3,90,,5,60,,120,,2015-02-03 00:00:00,126,No change,yes,,,58,2,,,doesn't exist,,,doesn't exist,7,30,,840,,more than half,irregularly,forgot,,3,Yes,no,Yes,A little bit like that,A little bit like that,Yes,,,2015-01-20 12:15:31,2015-04-14 12:43:54,,69.04761904761905,126,,87,18,20.689655172413794,15,83.33333333333334,3,15,,9,0,6,0,0,0,0,6,1,2,1,0,3,1,0,0,7,0,0,0,0,0,0,,9,0,6,0,0,0,0,6,1,2,1,0,3,1,0,0,7,0,0,0,0,0,0,,,7,0,7,0,500,,2,0,2,0,160
30,cmc-0032,CM-005,male,23,Uijeongbu,174,,75,,24.8,2014-09-19 00:00:00,2014-09-19 00:00:00,Migraine without aura,,15,7,yes,72,depth of field,8,yes,yes,yes,yes,no,no,yes,no,67,24,10,10,15,AAPER,,,,,,,0,10,10.0,1,O,O,O,O,O,O,O,O,O,O,O,O,O,O,O,O,O,O,O,O,O,N,50,3,,,4,,,7,180,,600,,2014-12-12 00:00:00,84,Don't know,yes,,,61,30,0,0,doesn't exist,3,,,7,,,0,Don't know,everyday,irregularly,forgot,,5,A little bit like that,no,no,A little bit like that,A little bit like that,A little bit like that,A little bit like that,Yes,2015-01-16 10:29:58,2015-04-12 19:38:46,,101.19047619047619,84,,85,37,43.529411764705884,30,81.08108108108108,7,73,,21,6,21,23,24,47,24,0,0,0,2,0,0,0,0,10,23,4,0,20,0,0,1,,19,0,7,0,3,3,7,0,0,0,1,0,0,0,0,9,6,0,0,6,0,0,1,,,31,6,30,300,2420,,6,0,6,0,550
46,cmc-0033,CM-006,male,23,Uijeongbu,176,,80,,25.8,2014-09-19 00:00:00,2014-09-19 00:00:00,Migraine without aura,,4,1,yes,48,depth of field,8,yes,yes,yes,no,no,yes,yes,no,57,24,6,1,4,AAPER,,,Topamax,1,,,3,7,4.0,1,1,O,1,O,O,O,O,O,O,O,O,1,O,O,O,O,O,O,O,O,O,N,80,0,0,doesn't exist,3,15,,7,30,,60,,2014-12-16 00:00:00,88,No change,,,,50,1,0,0,doesn't exist,0,0,doesn't exist,7,60,,280,,everyday,everyday,,,5,A little bit like that,A little bit like that,Yes,Yes,Very much so,A little bit like that,A little bit like that,Yes,2015-01-17 21:32:10,2015-04-12 19:39:08,,89.77272727272727,88,,79,28,35.44303797468354,16,57.14285714285714,12,17,,6,0,5,0,0,0,7,0,0,0,1,0,0,0,0,0,1,0,0,1,0,0,3,,6,0,5,0,0,0,7,0,0,0,1,0,0,0,0,0,1,0,0,1,0,0,3,,,11,2,11,90,590,,4,0,4,0,190
39,cmc-0042,M-026,female,35,Uijeongbu,158,,67,,26.8,2014-10-22 00:00:00,2014-10-22 00:00:00,Migraine without aura,,8,1,yes,48,depth of field,8,yes,yes,yes,no,no,yes,yes,no,58,8,11,8,,,,,,,,,0,7,7.0,1,O,O,O,O,O,O,O,O,O,O,O,O,O,O,O,O,O,O,O,O,O,N,70,5,120,,5,120,,3,40,,0,Don't know,2015-01-14 00:00:00,84,No change,yes,,,48,0,0,0,doesn't exist,1,20,,2,,,0,Don't know,more than half,Headache,forgot,,2,A little bit like that,no,A little bit like that,A little bit like that,A little bit like that,Yes,Yes,,2015-01-17 03:59:49,2015-04-08 10:18:38,,65.47619047619048,84,,55,21,38.18181818181819,21,100,0,29,,11,0,12,0,0,0,23,0,0,2,9,0,9,0,0,0,2,0,0,0,0,0,0,,9,0,7,0,0,0,19,0,0,2,5,0,9,0,0,0,2,0,0,0,0,0,0,,,16,0,16,0,510,,9,0,9,0,340
77,cmc-0046,M-030,female,38,Uijeongbu,155,,52,,21.6,2014-11-04 00:00:00,2014-11-04 00:00:00,Migraine without aura,,15,20,yes,72,depth of field,8,yes,yes,yes,yes,yes,yes,no,no,66,45,9,3,15,Triptan,,,Topamax,1,,,0,8,8.0,1,,,,,,,,,,,,,,,,,,,,,,,90,,,doesn't exist,,,doesn't exist,2,20,,540,,2015-01-27 00:00:00,84,No change,yes,,,65,30,,,doesn't exist,,,doesn't exist,7,30,,480,,more than half,irregularly,forgot,,2,A little bit like that,A little bit like that,A little bit like that,A little bit like that,A little bit like that,Yes,A little bit like that,Yes,2015-01-21 09:35:38,2015-04-14 10:00:19,,57.14285714285714,84,,48,19,39.58333333333333,19,100,0,25,,5,11,5,0,0,0,3,4,2,0,3,0,0,1,0,0,4,0,0,0,0,0,0,,5,10,2,0,0,0,0,4,2,0,2,0,0,1,0,0,4,0,0,0,0,0,0,,,0,0,0,0,0,,0,0,0,0,0
81,cmc-0048,M-032,female,52,Uijeongbu,167,,56,,20.1,2014-11-05 00:00:00,2014-11-05 00:00:00,Migraine without aura,,3,5,yes,48,depth of field,8,yes,yes,yes,no,yes,yes,yes,no,64,4,2,2,10,Triptan,,,Indenol,1,,,1,9,8.0,1,O,O,O,O,O,O,O,O,O,O,O,O,O,O,O,O,O,O,O,O,1,N,20,,,doesn't exist,,,doesn't exist,4,60,,420,,2015-02-10 00:00:00,97,No change,yes,,,50,8,1,240,,1,540,,5,60,,840,,everyday,everyday,,,2,A little bit like that,A little bit like that,A little bit like that,A little bit like that,A little bit like that,Yes,A little bit like that,Yes,2015-01-21 10:19:14,2015-02-10 16:17:50,,88.65979381443299,97,,86,10,11.627906976744185,6,60,4,80,,0,0,5,45,29,74,4,0,0,0,14,0,0,0,0,0,1,6,0,0,0,1,1,,0,0,2,3,1,4,1,0,0,0,1,0,0,0,0,0,0,1,0,0,0,1,1,,,53,0,53,0,5940,,5,0,5,0,720
97,cmc-0049,M-033,female,32,Uijeongbu,160,,53,,20.7,2014-11-05 00:00:00,2014-11-05 00:00:00,Migraine without aura,,4,3,yes,48,depth of field,10,yes,yes,yes,no,no,yes,yes,no,60,4,3,6,,,,,,,,,1,4,3.0,1,O,O,O,O,1,O,O,O,O,O,O,O,O,O,O,O,O,O,O,O,O,N,60,1,30,,0,0,doesn't exist,4,20,,540,,2015-01-14 00:00:00,70,No change,yes,,,58,2,0,0,doesn't exist,0,0,doesn't exist,5,0,,540,,everyday,everyday,,,1,Yes,no,Yes,Yes,Yes,Yes,A little bit like that,Yes,2015-01-28 21:33:27,2015-04-01 14:41:28,,75.71428571428571,70,,53,8,15.09433962264151,4,50,4,14,,3,0,3,0,0,0,1,4,1,1,0,0,0,0,0,3,2,1,0,0,0,0,0,,2,0,1,0,0,0,0,0,0,1,0,0,0,0,0,1,0,0,0,0,0,0,0,,,1,1,0,30,0,,0,0,0,0,0
83,cmc-0050,M-034,female,37,Uijeongbu,158,,54,,21.6,2014-11-11 00:00:00,2014-11-11 00:00:00,Migraine without aura,,4,7,yes,72,depth of field,8,yes,yes,yes,yes,yes,no,no,no,72,23,13,6,5,Triptan,,,Indenol,1,,,0,0,0.0,0,,,,,,,,,,,,,,,,,,,,,,,60,,,doesn't exist,,,doesn't exist,1,60,,540,,2015-02-03 00:00:00,35,No change,no,Others (direct input),"The app disappeared due to a cell phone error and could not be recorded, so I stopped trying to restart it.",,,,,,,,,,,,,,,,,,,,,,,,,,,2015-01-21 14:49:54,2015-04-12 20:04:48,,60.71428571428571,84,,51,6,11.76470588235294,0,0,6,0,,0,0,0,0,0,0,0,0,0,0,0,0,0,0,0,0,0,0,0,0,0,0,0,,0,0,0,0,0,0,0,0,0,0,0,0,0,0,0,0,0,0,0,0,0,0,0,,,0,0,0,0,0,,0,0,0,0,0
84,cmc-0063,M-036,female,31,Uijeongbu,157,,57,,23.1,2014-12-01 00:00:00,2014-12-01 00:00:00,Migraine without aura,,2,14,yes,24,depth of field,8,yes,yes,no,yes,yes,no,yes,yes,60,10,4,8,2,Triptan,,,,,,,0,5,5.0,1,,,,,,,,,,,,,,,,,,,,,,,90,,,doesn't exist,1,10,,3,60,,420,,2015-02-24 00:00:00,85,No change,yes,,,60,3,,,doesn't exist,,,doesn't exist,7,60,,500,,everyday,everyday,,,2,Yes,Yes,Yes,Yes,Yes,Yes,A little bit like that,Yes,2015-01-21 15:02:56,2015-04-12 20:10:09,,88.23529411764706,85,,75,16,21.333333333333336,10,62.5,6,11,,5,0,3,1,0,1,1,3,0,3,1,0,0,1,0,0,1,0,0,0,0,0,3,,4,0,2,0,0,0,0,2,0,3,0,0,0,0,0,0,0,0,0,0,0,0,3,,,1,0,1,0,60,,0,0,0,0,0
85,cmc-0064,M-037,female,48,Uijeongbu,153,,52,,22.2,2014-12-09 00:00:00,2014-12-09 00:00:00,Migraine without aura,,15,2,yes,4,depth of field,8,no,no,no,yes,no,no,no,yes,65,18,8,6,6,Triptan,,,Indenol,1,,,6,5,-1.0,-1,1,O,1,O,O,1,O,O,O,1,1,O,O,1,O,O,O,O,O,O,O,N,70,5,60,,,,doesn't exist,7,240,,,Don't know,2015-03-03 00:00:00,84,No change,yes,,,63,10,3,60,,3,60,,7,180,,,Don't know,more than half,everyday,forgot,,2,Yes,Yes,Yes,Yes,Yes,A little bit like that,A little bit like that,Yes,2015-01-21 15:06:25,2015-04-14 09:41:50,,101.19047619047619,84,,85,8,9.411764705882353,5,62.5,3,23,,1,0,18,1,0,1,14,0,0,1,0,0,0,6,0,0,2,0,0,0,0,0,0,,1,0,4,0,0,0,3,0,0,0,0,0,0,2,0,0,1,0,0,0,0,0,0,,,23,16,23,540,720,,4,2,4,60,140
26,cmc-0067,M-040,male,42,Uijeongbu,175,,78,,25.5,2014-12-17 00:00:00,2014-12-17 00:00:00,Migraine without aura,,2,5,yes,72,depth of field,9,yes,yes,yes,yes,no,no,yes,yes,67,18,2,3,2,AAPER,,,,,,,4,6,2.0,1,1,O,O,O,O,1,O,O,O,O,O,1,O,O,1,O,O,O,O,O,O,N,,1,30,,0,0,doesn't exist,7,90,,390,,2015-02-25 00:00:00,70,No change,yes,,,54,2,2,30,,1,30,,3,30,,300,,everyday,everyday,,,2,Yes,Yes,Yes,Yes,Very much so,Yes,A little bit like that,Yes,2015-01-15 23:31:10,2015-04-12 20:15:30,,98.57142857142858,70,,69,11,15.942028985507244,11,100,0,16,,7,0,4,1,3,4,5,0,0,0,0,0,0,0,0,3,0,0,0,0,0,0,1,,6,0,4,0,2,2,5,0,0,0,0,0,0,0,0,0,0,0,0,0,0,0,1,,,24,1,23,240,1520,,4,0,4,0,240
21,cmc-0068,M-041,female,44,Uijeongbu,155,,78,,32.5,2014-12-17 00:00:00,2014-12-17 00:00:00,Migraine without aura,,2,1,yes,72,depth of field,8,yes,yes,yes,yes,no,no,no,no,62,12,8,10,2,AAPER,,,,,,,3,7,4.0,1,1,O,O,O,O,1,O,O,O,O,O,O,O,1,O,O,O,O,O,O,O,N,80,0,0,doesn't exist,0,0,doesn't exist,2,60,,0,Don't know,2015-03-11 00:00:00,84,No change,yes,,,50,6,0,0,doesn't exist,0,0,doesn't exist,3,20,,0,doesn't exist,everyday,everyday,,,1,Yes,Yes,Yes,Very much so,Yes,Yes,A little bit like that,Yes,2015-01-15 19:33:48,2015-04-12 20:16:02,,97.61904761904762,84,,82,12,14.634146341463413,10,83.33333333333334,2,12,,4,0,6,0,0,0,1,0,0,1,7,0,0,2,0,1,0,0,0,0,0,1,0,,3,0,6,0,0,0,1,0,0,1,7,0,0,2,0,1,0,0,0,0,0,0,0,,,0,0,0,0,0,,0,0,0,0,0
93,cmc-0069,M-042,female,37,Uijeongbu,159,,48,,19,2014-12-17 00:00:00,2014-12-17 00:00:00,Migraine without aura,,3,1,yes,8,depth of field,8,yes,no,no,yes,no,no,no,no,57,5,7,3,2,Triptan,,,,,,,3,2,-1.0,-1,1,O,1,O,O,1,O,O,O,O,O,O,O,O,O,O,O,O,O,O,O,N,30,0,0,doesn't exist,0,0,doesn't exist,4,60,,600,,2015-03-11 00:00:00,84,No change,yes,,,49,8,1,10,,2,Don't know,,5,10,,0,Don't know,more than half,Headache,No headaches,,2,Yes,no,Yes,Yes,Yes,Yes,A little bit like that,Yes,2015-01-26 22:08:22,2015-03-11 13:28:30,,53.57142857142857,84,,45,7,15.555555555555555,3,42.857142857142854,4,3,,0,0,1,0,0,0,0,2,0,0,0,0,0,0,0,0,0,0,0,0,0,0,0,,0,0,1,0,0,0,0,2,0,0,0,0,0,0,0,0,0,0,0,0,0,0,0,,,0,0,0,0,0,,0,0,0,0,0
58,cmc-0077,M-049,female,20,Uijeongbu,155,,54,,22.5,2015-01-20 00:00:00,2015-01-20 00:00:00,Migraine without aura,,8,5,yes,24,depth of field,8,yes,yes,yes,yes,yes,yes,yes,yes,76,6,7,5,5,Triptan,,,Indenol,1,,,9,13,4.0,1,1,1,O,O,O,1,1,O,1,O,1,1,O,1,1,O,O,O,O,O,O,N,100,0,0,doesn't exist,2,120,,6,60,,0,Don't know,2015-04-14 00:00:00,84,No change,yes,,,53,9,2,10,,0,0,doesn't exist,7,60,,300,,everyday,irregularly,,,2,Yes,A little bit like that,Very much so,Very much so,Very much so,Yes,A little bit like that,Yes,2015-01-20 10:26:37,2015-04-15 09:48:24,,98.80952380952381,84,,83,21,25.301204819277107,19,90.47619047619048,2,38,,6,4,10,3,1,4,0,3,0,1,7,0,2,3,0,2,13,1,0,0,0,1,6,,3,2,5,0,0,0,0,1,0,1,4,0,1,2,0,2,5,1,0,0,0,1,6,,,16,2,14,20,830,,1,0,1,0,60
69,cmc-0078,M-050,female,39,Uijeongbu,164,,60,,22.3,2015-01-20 00:00:00,2015-01-20 00:00:00,Migraine without aura,,8,7,yes,72,,9,yes,no,yes,yes,no,yes,yes,no,66,20,5,11,5,Triptan,,,Indenol,1,,,0,7,7.0,1,O,O,O,O,O,O,O,O,O,O,O,O,O,O,O,O,O,O,O,O,O,N,100,0,0,doesn't exist,0,0,doesn't exist,0,0,doesn't exist,1200,,2015-04-14 00:00:00,84,No change,yes,,,60,14,0,0,doesn't exist,2,60,,7,30,,420,,more than half,everyday,forgot,,2,Yes,A little bit like that,A little bit like that,Yes,Yes,Yes,A little bit like that,Yes,2015-01-20 14:26:39,2015-04-15 09:51:02,,100,84,,84,21,25,19,90.47619047619048,2,20,,4,0,11,0,0,0,15,4,0,0,13,0,0,0,0,0,1,0,0,0,0,0,1,,4,0,10,0,0,0,14,4,0,0,13,0,0,0,0,0,1,0,0,0,0,0,1,,,1,0,1,0,60,,1,0,1,0,60
4,dha-0002,dha-0002,female,36,Dongtan Hallim,158,,55,,22,2014-08-13,,Migraine without aura,,3,5,yes,4,severity,6,yes,yes,yes,yes,no,yes,yes,yes,68,9,5,6,3,NSAIDs,,,,,,,0,7,7.0,1,O,O,O,O,O,O,O,O,O,O,O,O,O,O,O,O,O,O,O,O,O,N,66,,,doesn't exist,3,30,,3,30,,210,,2014-11-17,96,No change,yes,,,62,20,,,doesn't exist,1,10,,7,30,,60,,everyday,everyday,forgot,,3,Yes,Yes,Yes,Yes,Yes,A little bit like that,A little bit like that,Yes,2015-01-13 15:41:26,2015-04-09 16:45:20,,100,96,,96,14,14.583333333333334,14,100,0,28,,15,0,3,0,2,2,8,5,0,0,7,1,0,0,0,0,3,1,0,0,0,0,12,,12,0,2,0,0,0,4,2,0,0,4,1,0,0,0,0,0,0,0,0,0,0,8,,,33,0,33,0,520,,4,0,4,0,40
108,dha-0004,dha-0004,female,56,Dongtan Hallim,158,,53,,21.2,2014-08-13,,Migraine without aura,,2,20,yes,12,severity,7,yes,no,yes,yes,no,no,yes,no,54,5,4,5,0,doesn't exist,,,Indenol,1,,,0,8,8.0,1,O,O,O,O,O,O,O,O,O,O,O,O,O,O,O,O,O,O,O,O,O,N,50,,,doesn't exist,,,doesn't exist,,,doesn't exist,600,,2014-11-05,84,No change,yes,,,48,6,,,doesn't exist,,,doesn't exist,,,doesn't exist,600,,more than half,irregularly,disgust,,1,A little bit like that,A little bit like that,no,no,Yes,Yes,Yes,Yes,2015-02-11 12:30:23,2015-04-09 15:40:55,,85.71428571428571,84,,72,11,15.277777777777779,10,90.9090909090909,1,36,,16,2,3,0,4,4,19,0,0,3,3,0,0,0,0,3,1,4,0,0,0,3,3,,7,0,1,0,0,0,2,0,0,2,1,0,0,0,0,3,0,0,0,0,0,2,3,,,56,0,56,0,3620,,8,0,8,0,640
114,dha-0009,dha-0009,male,33,Dongtan Hallim,184,,66,,19.5,2014-08-18,,Migraine without aura,,7,6,yes,12,depth of field,8,yes,yes,yes,yes,no,no,no,no,65,42,3,3,8,Triptan,,,,,,,0,3,3.0,1,,,,,,,,,,,,,,,,,,,,,,,50,2,60,,4,60,,3,10,,360,,2014-11-10,84,Don't know,no,Tracking failed,,,,,,,,,,,,,,,,,,,,,,,,,,,,2015-02-17 15:33:51,2015-04-08 18:20:18,,89.28571428571429,84,,75,20,26.666666666666668,7,35,13,7,,3,0,1,0,0,0,3,0,0,0,0,0,0,0,0,0,0,0,0,0,0,0,0,,3,0,1,0,0,0,3,0,0,0,0,0,0,0,0,0,0,0,0,0,0,0,0,,,11,0,11,0,990,,2,0,2,0,120
80,dha-0010,dha-0010,female,37,Dongtan Hallim,,Y,53,,,2014-08-25,,Migraine without aura,,6,20,yes,6,severity,7,yes,yes,yes,yes,yes,yes,yes,yes,63,25,8,7,6,Triptan,,,Topamax,1,,,4,11,7.0,1,O,O,O,O,O,O,O,O,O,1,1,1,1,O,O,O,O,O,O,O,O,N,30,0,0,doesn't exist,0,0,doesn't exist,0,0,doesn't exist,300,,2014-11-17,84,No change,yes,,,56,4,0,0,doesn't exist,1,360,,0,0,doesn't exist,360,,less than half,Headache,forgot,,3,Yes,A little bit like that,no,no,A little bit like that,Yes,Yes,Yes,2015-01-21 10:14:13,2015-02-17 15:37:40,,96.42857142857143,84,,81,56,69.1358024691358,15,26.785714285714285,41,15,,0,1,2,0,1,1,9,3,1,0,4,6,2,1,0,0,2,0,0,0,0,0,5,,0,1,2,0,0,0,8,3,1,0,3,6,1,1,0,0,1,0,0,0,0,0,5,,,43,2,43,150,5460,,28,2,28,150,3800
63,dha-0013,dha-0013,male,36,Dongtan Hallim,162,,43,,16.4,2014-08-30,,Migraine without aura,,5,3,yes,4,depth of field,7,yes,yes,no,no,no,yes,yes,no,61,0,10,4,5,AAPER,,,,,,,2,5,3.0,1,1,O,O,O,O,O,O,O,O,O,O,O,O,O,1,O,O,O,O,O,O,N,50,0,0,doesn't exist,5,300,,0,30,Don't know,0,Don't know,2014-11-22,84,Don't know,no,Tracking failed,,,,0,0,,0,0,,0,0,,0,,,,,,,,,,,,,,,2015-01-20 11:50:38,2015-04-08 23:43:56,,101.19047619047619,84,,85,7,8.235294117647058,2,28.57142857142857,5,2,,1,0,0,0,1,1,0,0,0,1,0,0,0,0,0,0,1,0,0,0,0,0,0,,1,0,0,0,1,1,0,0,0,1,0,0,0,0,0,0,1,0,0,0,0,0,0,,,79,0,79,0,2530,,6,0,6,0,170
23,dha-0014,dha-0014,female,36,Dongtan Hallim,166,,65,,23.6,2014-09-01,,Migraine without aura,,8,10,yes,12,depth of field,10,yes,yes,yes,yes,no,no,no,no,65,30,5,3,6,AAPER,,,,,,,0,1,1.0,1,O,O,O,O,O,O,O,O,O,O,O,O,O,O,O,O,O,O,O,O,O,N,10,0,0,doesn't exist,0,0,doesn't exist,7,180,,600,,2014-11-24,84,No change,yes,,,63,25,0,0,doesn't exist,0,0,doesn't exist,4,10,,240,,everyday,everyday,,,2,Yes,A little bit like that,Yes,Yes,Yes,A little bit like that,A little bit like that,Yes,2015-01-15 20:24:25,2015-04-09 15:44:05,,100,84,,84,21,25,1,4.761904761904762,20,1,,0,0,1,0,0,0,0,0,0,0,0,0,0,0,0,0,0,0,0,0,0,0,0,,0,0,1,0,0,0,0,0,0,0,0,0,0,0,0,0,0,0,0,0,0,0,0,,,0,0,0,0,0,,0,0,0,0,0
134,dha-0015,dha-0015,female,29,Dongtan Hallim,163,,58,,21.8,2014-09-02,,Migraine without aura,,11,14,yes,12,depth of field,8,yes,yes,yes,yes,no,no,no,no,68,50,8,8,11,NSAIDs,,,,,,,0,8,8.0,1,,,,,,,,,,,,,,,,,,,,,,,100,,,doesn't exist,,,doesn't exist,2,30,,300,,2014-11-25,84,Don't know,no,Tracking failed,,,,,,,,,,,,,,,,,,,,,,,,,,,,2015-04-08 23:54:25,,,63.095238095238095,84,,53,15,28.30188679245283,7,46.666666666666664,8,7,,2,0,5,0,0,0,6,0,0,0,0,1,1,0,0,1,0,0,0,0,0,2,1,,2,0,5,0,0,0,6,0,0,0,0,1,1,0,0,1,0,0,0,0,0,2,1,,,3,0,3,0,120,,0,0,0,0,0
116,dha-0018,dha-0018,female,22,Dongtan Hallim,164,,62,,23.1,2014-09-06,,Migraine without aura,,6,7,yes,12,depth of field,8,yes,yes,yes,yes,no,no,no,no,58,17,13,9,6,NSAIDs,,,Indenol,1,,,6,9,3.0,1,1,O,1,O,O,1,O,O,1,O,O,1,O,O,1,O,O,O,O,O,O,N,100,0,0,doesn't exist,0,0,doesn't exist,3,60,,480,,2014-12-06,91,No change,yes,,,52,10,0,0,doesn't exist,1,60,,3,30,,300,,more than half,Headache,forgot,,5,Yes,A little bit like that,Yes,Yes,Yes,Yes,A little bit like that,Yes,2015-02-21 09:19:30,2015-04-09 00:08:48,,73.62637362637363,91,,67,27,40.298507462686565,18,66.66666666666666,9,43,,39,1,7,1,1,2,8,0,0,0,0,0,3,0,0,0,5,1,0,0,0,0,5,,16,1,5,0,1,1,3,0,0,0,0,0,2,0,0,0,3,0,0,0,0,0,5,,,7,0,7,0,430,,0,0,0,0,0
139,dha-0022,dha-0022,male,44,Dongtan Hallim,171,,73,,25,2014-09-25,,Migraine without aura,,3,4,yes,12,depth of field,8,yes,no,yes,yes,no,no,no,no,61,14,11,8,0,doesn't exist,,,,,,,0,3,3.0,1,,,,,,,,,,,,,,,,,,,,,,,50,,,doesn't exist,,,doesn't exist,,,doesn't exist,600,,2014-12-22,88,No change,yes,,,49,0,,,doesn't exist,,,doesn't exist,,,doesn't exist,420,,everyday,irregularly,forgot,,1,Very much so,A little bit like that,Yes,Yes,Yes,Yes,A little bit like that,Yes,2015-04-09 00:30:02,,,100,88,,88,12,13.636363636363635,5,41.66666666666667,7,17,,4,1,2,5,0,5,0,0,0,0,0,0,0,2,0,0,0,2,0,0,0,2,2,,3,0,0,0,0,0,0,0,0,0,0,0,0,2,0,0,0,0,0,0,0,0,2,,,16,0,16,0,190,,2,0,2,0,20
37,dha-0023,dha-0023,female,43,Dongtan Hallim,160,,55,,21.5,2014-09-29,,Migraine without aura,,2,20,yes,72,depth of field,9,yes,no,yes,no,yes,no,no,no,67,6,12,4,2,AAPER,,,,,,,7,3,-4.0,-1,1,O,1,O,O,1,1,O,1,O,O,1,O,1,O,O,O,O,O,O,O,N,50,0,0,doesn't exist,0,0,doesn't exist,2,40,,240,,2014-12-15,77,No change,yes,,,58,18,0,0,doesn't exist,0,0,doesn't exist,2,30,,240,,everyday,irregularly,forgot,,1,Yes,no,Yes,Yes,Yes,Yes,A little bit like that,Yes,2015-01-16 20:57:27,2015-04-09 15:45:06,,94.8051948051948,77,,73,12,16.43835616438356,9,75,2,14,,5,0,3,0,2,2,2,4,0,0,0,0,0,0,0,0,0,0,0,0,0,0,0,,5,0,2,0,0,0,0,3,0,0,0,0,0,0,0,0,0,0,0,0,0,0,0,,,14,0,14,0,400,,1,0,1,0,20
29,dha-0027,dha-0027,female,41,Dongtan Hallim,,Y,,Y,,2014-10-02,,Migraine without aura,,5,4,yes,12,depth of field,7,yes,no,yes,yes,yes,yes,yes,no,64,12,16,14,5,Triptan,,,,,,,0,5,5.0,1,O,O,O,O,O,O,O,O,O,O,O,O,O,O,O,O,O,O,O,O,O,N,80,0,0,doesn't exist,0,0,doesn't exist,2,20,,600,,2014-12-08,67,Don't know,yes,,,51,9,0,0,doesn't exist,0,0,doesn't exist,4,20,,540,,everyday,everyday,,,1,Yes,no,Yes,Yes,Very much so,Yes,A little bit like that,Yes,2015-01-16 09:39:23,2015-04-09 14:47:40,,100,67,,67,17,25.37313432835821,17,100,0,17,,4,0,0,0,0,0,8,0,0,0,1,0,0,0,0,4,0,0,0,0,0,0,1,,4,0,0,0,0,0,8,0,0,0,1,0,0,0,0,4,0,0,0,0,0,0,1,,,2,0,2,0,210,,1,0,1,0,120
144,dha-0029,dha-0029,female,46,Dongtan Hallim,154,,60,,25.3,2014-10-04,,Migraine without aura,,13,10,yes,6,depth of field,7,yes,yes,yes,yes,no,no,no,no,57,12,10,8,0,doesn't exist,,,etc,1,amit,,0,10,10.0,1,,,,,,,,,,,,,,,,,,,,,,,90,3,60,,,,doesn't exist,5,40,,300,,2014-12-06,63,No change,yes,,,42,0,,,doesn't exist,,,doesn't exist,4,60,,300,,everyday,everyday,,,2,A little bit like that,no,Yes,Yes,Yes,Yes,A little bit like that,Yes,2015-04-09 00:50:02,,,96.82539682539682,63,,61,10,16.39344262295082,10,100,0,11,,3,0,5,3,0,3,4,0,0,1,2,0,1,0,0,0,0,0,0,0,0,1,1,,3,0,5,2,0,2,3,0,0,1,2,0,1,0,0,0,0,0,0,0,0,1,1,,,37,10,29,610,1910,,9,4,5,240,340
86,dha-0031,dha-0031,female,47,Dongtan Hallim,167,,78,,28,2014-10-06,,Migraine without aura,,4,1,yes,4,severity,5,no,yes,yes,yes,no,no,yes,no,48,5,11,5,4,NSAIDs,,,,,,,9,3,-6.0,-1,1,O,1,O,O,1,O,1,O,1,O,1,O,1,O,O,1,O,1,O,O,N,50,0,0,doesn't exist,0,0,doesn't exist,3,120,,600,,2014-12-08,63,No change,yes,,,50,0,0,0,doesn't exist,0,0,doesn't exist,3,90,,360,,everyday,everyday,,,1,Very much so,Yes,Yes,Yes,Yes,Yes,A little bit like that,Yes,2015-01-21 16:48:11,2015-04-09 00:55:36,,58.730158730158735,63,,37,6,16.216216216216218,2,33.33333333333333,4,2,,0,0,1,0,0,0,0,0,1,0,2,0,0,0,0,0,0,0,0,0,0,0,0,,0,0,1,0,0,0,0,0,1,0,2,0,0,0,0,0,0,0,0,0,0,0,0,,,15,0,15,0,1380,,2,0,2,0,240
41,dha-0032,dha-0032,female,42,Dongtan Hallim,162,,55,,21,2014-10-06,,Migraine without aura,,2,1,yes,24,depth of field,7,yes,yes,yes,yes,no,no,no,no,54,5,13,7,2,Triptan,,,,,,,2,9,7.0,1,1,O,O,O,O,O,O,O,O,O,O,O,O,1,O,O,O,O,O,O,O,N,50,3,60,,0,0,doesn't exist,7,30,,540,,2014-12-29,84,Don't know,no,Tracking failed,,,,0,0,,0,0,,0,0,,0,,,,,,,,,,,,,,,2015-01-17 10:50:20,2015-04-09 00:57:48,,100,84,,84,7,8.333333333333332,6,85.71428571428571,1,75,,31,2,7,27,26,53,12,20,1,0,4,0,1,2,0,0,9,3,1,51,0,0,0,,6,0,1,1,0,1,3,3,0,0,0,0,0,0,0,0,1,1,0,2,0,0,0,,,31,28,3,1650,150,,4,4,0,240,0
45,dha-0033,dha-0033,female,55,Dongtan Hallim,,Y,67,,,2014-10-08,,Migraine without aura,,1,30,yes,12,depth of field,8,yes,no,yes,yes,no,no,no,no,68,12,14,7,3,others,,,Topamax,1,,,0,12,12.0,1,O,O,O,O,O,O,O,O,O,O,O,O,O,O,O,O,O,O,O,O,O,N,100,2,120,,0,0,doesn't exist,2,60,,300,,2014-12-31,84,No change,yes,,,60,0,0,0,doesn't exist,0,0,doesn't exist,7,30,,600,,everyday,everyday,,,5,A little bit like that,no,A little bit like that,no,A little bit like that,A little bit like that,A little bit like that,Yes,2015-01-17 21:00:53,2015-04-09 01:00:56,,75,84,,63,20,31.746031746031743,14,70,6,16,,7,0,3,1,3,4,5,0,0,2,3,3,0,5,0,0,1,0,0,0,0,5,3,,6,0,3,0,2,2,5,0,0,2,3,3,0,5,0,0,1,0,0,0,0,5,3,,,18,14,10,1340,1080,,5,2,3,120,330
149,dha-0039,dha-0039,female,30,Dongtan Hallim,160,,49,,19.1,2014-10-20,,Migraine without aura,,3,4,yes,48,depth of field,8,yes,no,yes,yes,no,no,no,no,55,4,7,6,3,NSAIDs,,,,,,,0,8,8.0,1,,,,,,,,,,,,,,,,,,,,,,,70,,,doesn't exist,,,doesn't exist,2,180,,360,,2015-01-12,84,No change,yes,,,52,2,,,doesn't exist,,,doesn't exist,3,30,,240,,everyday,irregularly,forgot,,1,Yes,A little bit like that,Yes,Yes,Yes,Yes,A little bit like that,Yes,2015-04-09 09:19:54,2015-04-09 16:48:16,,100,84,,84,13,15.476190476190476,13,100,0,13,,7,0,6,0,0,0,8,0,0,1,0,0,1,2,0,0,0,0,0,0,0,1,8,,7,0,6,0,0,0,8,0,0,1,0,0,1,2,0,0,0,0,0,0,0,1,8,,,0,0,0,0,0,,0,0,0,0,0
119,dha-0040,dha-0040,female,28,Dongtan Hallim,157,,52,,21.1,2014-10-23,,Migraine without aura,,4,8,yes,4,severity,6,yes,yes,no,yes,no,yes,yes,no,55,44,7,8,4,NSAIDs,,,Indenol,1,,,9,8,-1.0,-1,1,O,1,O,O,1,O,O,O,O,1,1,O,1,1,O,1,1,O,O,O,N,70,0,0,,1,120,,7,10,,300,,2015-01-15,84,Don't know,no,Tracking failed,,,,0,0,,0,0,,0,0,,0,,,,,,,,,,,,,,,2015-03-11 09:21:14,2015-04-09 09:22:17,,80.95238095238095,84,,68,9,13.23529411764706,6,66.66666666666666,3,9,,6,0,5,0,0,0,6,0,0,0,4,1,1,0,0,3,0,0,0,0,2,1,1,,5,0,4,0,0,0,4,0,0,0,2,0,1,0,0,3,0,0,0,0,2,0,1,,,1,0,1,0,240,,0,0,0,0,0
25,dha-0041,dha-0041,female,41,Dongtan Hallim,164,,58,,21.6,2014-10-27,,Migraine without aura,,3,18,yes,24,depth of field,8,yes,yes,no,yes,yes,yes,yes,no,57,25,4,5,2,NSAIDs,,,,,,,10,17,7.0,1,1,1,1,O,O,1,1,1,O,1,O,O,1,O,1,O,1,O,O,O,O,N,80,0,0,doesn't exist,0,0,doesn't exist,7,20,,900,,2015-02-16,112,No change,yes,,,60,0,5,60,,3,20,,7,30,,600,,everyday,irregularly,forgot,,1,Yes,no,A little bit like that,A little bit like that,A little bit like that,A little bit like that,A little bit like that,Yes,2015-01-15 23:11:17,2015-04-09 09:25:07,,96.42857142857143,112,,108,14,12.962962962962962,11,78.57142857142857,3,98,,3,7,19,2,7,9,7,10,0,4,7,2,7,4,0,4,50,10,1,70,0,9,7,,0,3,4,2,1,3,2,3,0,1,3,0,2,1,0,2,2,2,0,1,0,2,4,,,63,1,63,40,3920,,6,1,6,40,410
27,dha-0042,dha-0042,male,40,Dongtan Hallim,174,,74,,24.4,2014-11-03,,Migraine without aura,,7,30,yes,12,depth of field,8,no,no,yes,yes,no,no,yes,yes,59,28,9,5,7,NSAIDs,,,,,,,10,5,-5.0,-1,1,1,1,O,1,1,O,O,1,O,O,1,O,1,O,1,O,O,O,O,1,N,50,0,0,doesn't exist,0,0,doesn't exist,1,20,,600,,2015-01-05,63,No change,yes,,,50,14,0,0,doesn't exist,0,0,doesn't exist,2,30,,600,,everyday,everyday,,,5,A little bit like that,no,A little bit like that,A little bit like that,Yes,Yes,A little bit like that,Yes,2015-01-15 23:34:31,2015-04-09 14:54:33,,95.23809523809523,63,,60,27,45,12,44.44444444444444,15,12,,3,1,3,0,0,0,0,0,0,0,0,0,0,0,0,0,1,0,0,0,0,0,7,,3,1,3,0,0,0,0,0,0,0,0,0,0,0,0,0,1,0,0,0,0,0,7,,,0,0,0,0,0,,0,0,0,0,0
34,dha-0044,dha-0044,female,42,Dongtan Hallim,156,,57,,23.4,2014-11-03,,Migraine without aura,,6,2,yes,12,severity,5,yes,no,yes,,no,no,yes,no,60,24,11,8,5,NSAIDs,,,,,,,4,6,2.0,1,1,O,1,O,O,1,O,O,O,1,O,O,O,O,O,O,O,O,O,O,O,N,60,0,0,doesn't exist,0,0,doesn't exist,7,30,,4,,2015-01-26,84,Don't know,no,Tracking failed,,,,0,0,,0,0,,0,0,,0,,,,,,,,,,,,,,,2015-01-16 13:27:02,2015-04-09 11:21:15,,52.38095238095239,84,,44,17,38.63636363636363,11,64.70588235294117,6,20,,1,0,4,0,0,0,7,0,0,0,10,0,2,0,0,1,0,0,0,0,0,0,5,,1,0,3,0,0,0,3,0,0,0,7,0,0,0,0,1,0,0,0,0,0,0,5,,,14,0,14,0,400,,4,0,4,0,100
24,dha-0049,dha-0049,female,29,Dongtan Hallim,160,,50,,19.5,2014-11-26,,Migraine without aura,,4,10,yes,4,depth of field,7,yes,yes,yes,yes,yes,yes,yes,no,68,8,8,5,5,Triptan,,,,,,,6,5,-1.0,-1,1,O,1,O,O,1,O,O,O,1,1,1,O,O,O,O,O,O,O,O,O,N,100,0,0,doesn't exist,0,0,doesn't exist,7,20,,240,,2015-02-09,75,No change,yes,,,65,30,0,0,doesn't exist,0,0,doesn't exist,7,30,,1200,,everyday,irregularly,No headaches,,3,Yes,no,Yes,Yes,Yes,Yes,Yes,Yes,2015-01-15 22:52:23,2015-04-09 11:31:48,,100,75,,75,16,21.333333333333336,15,93.75,1,32,,0,2,18,0,0,0,15,1,0,0,8,0,0,0,0,0,3,7,3,2,0,0,0,,0,0,12,0,0,0,11,1,0,0,5,0,0,0,0,0,1,0,0,0,0,0,0,,,0,0,0,0,0,,0,0,0,0,0
40,dha-0050,dha-0050,female,42,Dongtan Hallim,166,,68,,24.7,2014-11-05,,Migraine without aura,,5,10,yes,12,depth of field,6,yes,yes,yes,yes,no,no,no,no,61,14,6,8,5,Triptan,,,,,,,6,8,2.0,1,1,O,O,O,O,1,O,O,O,1,O,1,O,O,O,1,1,O,O,O,O,N,40,0,0,doesn't exist,4,20,,5,20,,600,,2015-02-04,91,No change,,,,54,7,1,60,,0,0,doesn't exist,7,20,,240,,everyday,everyday,,,3,A little bit like that,A little bit like that,Yes,Yes,Yes,Yes,A little bit like that,Yes,2015-01-17 09:05:00,2015-04-09 11:36:25,,87.91208791208791,91,,80,15,18.75,8,53.333333333333336,7,63,,25,4,20,0,0,0,25,5,0,1,23,0,1,2,0,0,22,10,6,0,0,0,1,,6,0,4,0,0,0,4,0,0,1,3,0,1,0,0,0,1,0,0,0,0,0,1,,,1,0,1,0,60,,0,0,0,0,0
89,dha-0051,dha-0051,male,35,Dongtan Hallim,171,,86,,29.4,2014-11-26,,Migraine without aura,,8,5,yes,8,depth of field,5,yes,yes,yes,yes,no,no,no,no,68,28,16,12,0,doesn't exist,,,,,,,8,0,-8.0,-1,1,1,1,O,1,1,O,O,O,O,O,1,O,1,O,O,O,1,O,O,O,N,,0,0,doesn't exist,0,0,doesn't exist,7,20,,840,,2015-03-02,96,No change,yes,,,48,1,0,0,doesn't exist,0,0,doesn't exist,7,30,,720,,everyday,everyday,Direct input,Switched to iPhone after 2 months of recording,2,Very much so,Very much so,Yes,Very much so,Very much so,A little bit like that,A little bit like that,Yes,2015-01-22 22:12:09,2015-04-09 11:40:54,,48.95833333333333,96,,47,12,25.53191489361702,0,0,12,0,,0,0,0,0,0,0,0,0,0,0,0,0,0,0,0,0,0,0,0,0,0,0,0,,0,0,0,0,0,0,0,0,0,0,0,0,0,0,0,0,0,0,0,0,0,0,0,,,0,0,0,0,0,,0,0,0,0,0
47,dha-0053,dha-0053,female,43,Dongtan Hallim,157,,51,,20.7,2014-12-01,,Migraine without aura,,3,5,yes,12,depth of field,8,yes,yes,yes,yes,no,no,no,no,56,5,5,5,0,doesn't exist,,,,,,,4,12,8.0,1,O,O,O,O,O,O,1,1,O,O,1,O,O,O,O,O,1,O,O,O,O,N,80,5,50,,0,0,doesn't exist,2,30,,300,,2015-03-02,91,No change,yes,,,58,9,5,50,,0,0,doesn't exist,2,10,,180,,everyday,everyday,forgot,,1,A little bit like that,no,no,A little bit like that,A little bit like that,Yes,A little bit like that,Yes,2015-01-17 23:36:08,2015-04-09 13:39:51,,97.8021978021978,91,,89,13,14.606741573033707,12,92.3076923076923,1,31,,6,7,2,0,1,1,6,9,0,0,0,0,0,4,0,2,4,9,0,12,0,1,0,,3,3,1,0,1,1,3,7,0,0,0,0,0,2,0,1,3,3,0,4,0,0,0,,,54,49,5,2300,240,,6,5,1,230,50
155,dha-0055,dha-0055,female,46,Dongtan Hallim,,Y,,Y,,2014-12-08,,Migraine without aura,,3,20,yes,72,depth of field,10,yes,yes,yes,yes,no,no,no,no,46,17,3,2,7,AAPER,,,,,,,0,2,2.0,1,,,,,,,,,,,,,,,,,,,,,,,90,3,40,,,,doesn't exist,,,doesn't exist,600,,2015-03-09,91,No change,yes,,,50,0,3,50,,,,doesn't exist,,,doesn't exist,300,,less than half,Headache,No headaches,,1,A little bit like that,no,Very much so,Yes,Yes,Yes,A little bit like that,Yes,2015-04-09 13:45:38,,,54.94505494505495,91,,50,15,30,11,73.33333333333333,4,12,,0,0,1,0,0,0,0,0,0,0,0,0,1,0,0,0,0,0,0,0,0,0,11,,0,0,0,0,0,0,0,0,0,0,0,0,1,0,0,0,0,0,0,0,0,0,11,,,10,0,10,0,440,,3,0,3,0,140
88,dha-0057,dha-0057,female,23,Dongtan Hallim,163,,49,,18.4,2014-12-08,,Migraine with aura,,12,1,yes,24,severity,7,yes,yes,yes,yes,no,yes,yes,yes,72,170,10,9,0,doesn't exist,,,,,,,9,10,1.0,1,1,O,1,O,O,1,1,1,O,O,O,1,O,O,1,O,1,O,O,O,1,N,50,0,0,doesn't exist,0,0,doesn't exist,7,30,,780,,2015-04-04,117,No change,yes,,,55,90,2,30,,0,0,doesn't exist,5,20,,420,,more than half,Headache,forgot,,2,A little bit like that,A little bit like that,A little bit like that,Yes,Yes,Yes,Yes,Yes,2015-01-22 21:55:01,2015-04-09 16:51:28,,63.24786324786324,117,,74,42,56.75675675675676,41,97.61904761904762,1,41,,19,0,5,0,0,0,8,17,2,8,0,0,0,0,6,6,0,6,0,3,0,0,0,,19,0,5,0,0,0,8,17,2,8,0,0,0,0,6,6,0,6,0,3,0,0,0,,,15,1,14,180,530,,8,1,7,180,320
31,dha-0060,dha-0060,female,54,Dongtan Hallim,156,,59,,24.2,2014-12-18,,Migraine without aura,,3,30,yes,36,depth of field,8,yes,yes,yes,yes,yes,yes,yes,yes,66,34,9,5,0,doesn't exist,,,,,,,11,12,1.0,1,1,O,1,O,O,1,O,O,1,1,1,1,1,1,1,O,O,O,O,O,1,N,30,0,0,,1,30,,0,0,doesn't exist,360,,2015-03-11,83,No change,yes,,,60,15,7,60,,7,60,,3,0,Don't know,0,Don't know,everyday,everyday,,,1,A little bit like that,Yes,Yes,Yes,Yes,Yes,A little bit like that,Yes,2015-01-16 11:03:41,2015-04-09 14:30:52,,91.56626506024097,83,,76,17,22.36842105263158,14,82.35294117647058,3,15,,10,0,3,0,1,1,2,0,0,6,2,1,0,0,0,2,4,4,0,1,0,0,0,,9,0,3,0,1,1,2,0,0,6,2,1,0,0,0,2,3,4,0,1,0,0,0,,,24,0,24,0,1710,,2,0,2,0,90
51,dha-0061,dha-0061,female,33,Dongtan Hallim,165,,54,,19.8,2014-12-29,,Migraine without aura,,10,10,yes,12,severity,5,yes,yes,yes,yes,no,no,no,no,66,10,14,9,5,AAPER,,,,,,,5,7,2.0,1,1,O,1,O,O,1,O,O,1,O,1,O,O,O,O,O,O,O,O,O,O,N,20,0,0,doesn't exist,0,0,doesn't exist,7,10,,300,,2015-03-23,84,No change,yes,,,57,16,0,0,doesn't exist,0,0,doesn't exist,7,10,,120,,everyday,everyday,,,1,A little bit like that,no,A little bit like that,Yes,Very much so,Yes,A little bit like that,Yes,2015-01-18 23:15:33,2015-04-09 14:34:13,,100,84,,84,15,17.857142857142858,12,80,3,44,,28,0,4,0,2,2,6,4,0,7,10,0,0,0,0,0,8,0,0,0,0,0,0,,7,0,4,0,0,0,1,3,0,3,3,0,0,0,0,0,4,0,0,0,0,0,0,,,30,0,30,0,640,,4,0,4,0,50
35,dha-0062,dha-0062,male,43,Dongtan Hallim,,Y,,Y,,2014-12-29,,Migraine without aura,,2,30,yes,12,depth of field,7,yes,yes,yes,no,no,yes,yes,no,63,19,9,4,0,doesn't exist,,,,,,,7,2,-5.0,-1,1,O,O,O,O,O,O,O,1,1,O,1,O,1,1,O,O,O,O,O,1,N,10,0,0,doesn't exist,3,60,,7,20,,600,,2015-03-25,86,No change,yes,,,48,8,3,30,,0,0,doesn't exist,7,20,,360,,everyday,everyday,,,1,Very much so,Very much so,Very much so,Very much so,Very much so,Yes,A little bit like that,Yes,2015-01-16 18:07:51,2015-04-09 14:37:31,,97.67441860465115,86,,84,3,3.571428571428571,2,66.66666666666666,1,3,,1,0,1,0,0,0,1,0,0,1,0,0,0,1,0,1,0,0,0,0,0,0,0,,0,0,0,0,0,0,1,0,0,0,0,0,0,1,0,0,0,0,0,0,0,0,0,,,22,3,19,110,580,,2,1,1,40,50
32,dha-0063,dha-0063,female,40,Dongtan Hallim,157,,49,,19.9,2015-01-05,,Migraine without aura,,3,10,yes,72,depth of field,9,yes,yes,yes,yes,no,no,no,no,61,61,12,13,3,Triptan,,,,,,,8,7,-1.0,-1,1,O,1,1,O,1,1,O,1,O,O,1,O,1,O,O,O,O,O,O,O,N,100,0,0,doesn't exist,0,0,doesn't exist,3,30,,480,,2015-04-06,91,No change,yes,,,75,4,2,50,,3,10,,3,40,,300,,everyday,everyday,,,1,A little bit like that,no,no,A little bit like that,A little bit like that,Yes,Yes,Yes,2015-01-16 11:07:18,2015-04-09 14:40:30,,100,91,,91,11,12.087912087912088,11,100,0,64,,33,3,5,2,3,5,39,10,0,6,2,0,0,1,0,0,1,0,0,0,0,1,3,,8,0,0,1,0,1,5,3,0,2,0,0,0,0,0,0,0,0,0,0,0,0,2,,,18,0,18,0,820,,2,0,2,0,100
,,,,,,,,,,,,,,,,,,,,,,,,,,,,,,,,,,,,,,,,,,,,,32,,,,,,,,,,,,,,,,,,,,,,,,,,,,,,,,,,,,,,,,,,,,,,,,,,,,,,,,,,,,,,,,,,,,,,,,,,,,,,,,,,,,,,,,,,,,,,,,,,,,,,,,,,,,,,,,,,,,,,,,,,,,,,,,,,,,,,,,,,,
,,,51,,,,,,,,,,,,,,,,,,,,,,,,,,,,,,,,,,,25,,,,,,,,,,,,,,,,,,,,,,,,,,,,,,,,,,,,,,,,,,,,,,,,,,,,,,,,,,,,,,,,,,,,,,,,,,,,5348.960112133988,5330,,4579,1099,24.235006495295174,774,,324,1664,,539,73,414,124,171,295,478,165,15,93,246,40,154,85,7,56,201,82,28,247,98,34,145,0.0,311,25,228,13,15,28,232,106,9,64,110,23,55,61,7,44,64,23,5,32,21,17,134,,,,,,,,,,,,,
,,mean,82.25806451612904,37.70967741935484,,162.01923076923077,,59.148148148148145,,,,,59,,6.435483870967742,9.741935483870968,,31.080645161290324,,7.661290322580645,,,,,,,,,63.16129032258065,21.951612903225808,9.46774193548387,6.548387096774194,4.610169491525424,,,,,40.32258064516129,,,3.403225806451613,frequency,3.661290322580645,,32,5,24,3,3,25,10,5,9,11,11,20,4,15,13,3,8,2,1,1,5,1,64.68333333333334,,,,,,,,,,,,,,,,,,56.8,12.618181818181819,,,,,,,,,,,,,,,,,,,,,,,,,,,,86.27355019570949,85.96774193548387,,73.85483870967742,17.725806451612904,,12.483870967741936,,5.225806451612903,26.838709677419356,,8.693548387096774,1.1774193548387097,6.67741935483871,2,2.7580645161290325,4.758064516129032,7.709677419354839,2.661290322580645,0.24193548387096775,1.5,3.967741935483871,0.6451612903225806,2.4838709677419355,1.3709677419354838,0.11290322580645161,0.9032258064516129,3.2419354838709675,1.3442622950819672,0.45161290322580644,3.9838709677419355,1.5806451612903225,0.5483870967741935,2.338709677419355,,5.016129032258065,0.4032258064516129,3.6774193548387095,0.20967741935483872,0.24193548387096775,0.45161290322580644,3.7419354838709675,1.7096774193548387,0.14516129032258066,1.032258064516129,1.7741935483870968,0.3709677419354839,0.8870967741935484,0.9838709677419355,0.11290322580645161,0.7096774193548387,1.032258064516129,0.3709677419354839,0.08064516129032258,0.5161290322580645,0.3387096774193548,0.27419354838709675,2.161290322580645,,,,,,,,,,,,,
,,SD,,8.641089595787829,,7.0835085596284,,10.265177272237825,,,,,,,5.059064151589651,8.178210722323083,,26.330994257591883,,1.266770107199794,,,,,,,,,7.616189719850542,24.519933289131057,13.860804203876938,3.0711637104238227,3.6907010321493607,,,,,,,,3.5085828133324193,Frequency among target patients,4.704178639085617,,51.61290322580645,8.064516129032258,38.70967741935484,4.838709677419355,4.838709677419355,40.32258064516129,19.607843137254903,9.803921568627452,14.516129032258066,17.741935483870968,17.741935483870968,32.25806451612903,6.451612903225806,24.193548387096776,20.967741935483872,4.838709677419355,12.903225806451612,3.225806451612903,1.6129032258064515,1.6129032258064515,8.064516129032258,1.6129032258064515,,,,,,,,,,,,,,,,,,,,,,,,,,,,,,,,,,,,,,,,,,,,,,,median,,,,,15,,,69.68461670011183,,,,,,,,,,,,,,,,,,,,,,,,,,,,,,,,,,,,,,,,,,,,,,,,,,,,,,,,,,,,,,,
,,,0.8225806451612904,,,,,,,,,,,,,,,,,,,,,,,,,,,,,,,,,,,,,,3,,,,,,,,,,,,,,,,,,,,,,,,,,,,,,,,,,,,,,,,,,,,,,,,,,,,,,,,,,,,,,,,,,,,,,,,range,,,,,,,,,,,,,,,,,,,,,,,,,,,,,,,,,,,,,,,,,,,,,,,,,,,,,,,,,,,,,,,,,,,,,,,
,,,,,,,,,,,,,,,,,,,,,,,,,,,,,,,,,,,,,,,,,,,,,0.5161290322580645,,,,,,,,,,,,,,,,,,,,,,,,,,,,,,,,,,,,,,,,,,,,,,,,,,,,,,,,,,,,,,,,,,,,,,,,,,,,,,,,,,,,,,,,,,,,,,,,,,,,,,,,,,,,,,,,,,,,,,,,,,,,,,,,,,,,,,,,,,,
,,,,,,,,,,,,,,,,,,,,,,,,,,,,,,,,,,,,,,,,,,,,,,,,,,,,,,,,,,,,,,,,,,,,,,,,,,,,,,,,,,,,,,,,,,,,,,,,,,,,,,,,,,,,,,,,,,,,,,,,,,,,,,,,,,,,,,,,,,,,,,,,,,,,,,,,,,,,,,,,,,,,,,,,,,,,,,,,,,,,,,,,
,,,,,,,,,,,,,,,,,,,,,,,,,,,,,,,,,,,,,,,,,,,,,,,,,,,,,,,,,,,,,,,,,,,,,,,,,,,,,,,,,,,,,,,,,,,,,,,,,,,,,,,,,,,,,,,,,,,,Number of headache attacks,,,,,,,0.24000873553177549,,,,,,,,,,,,,,,,,,,,,,,,,,,,,,,,,,,,,,,,,,,,,,,,,,,,,,,,,,,,,
,,,,,,,,,,,,,,,,,,,,,,,,,,,,,,,,,,,,,,,,,,,,,,,,,,,,,,,,,,,,,,,,,,,,,,,,,,,,,,,,,,,,,,,,,,,,,,,,,,,,,,,,,,,,,,0.3057324840764331,,,,,,Number of days exposed to trigger,,,,,,,0.3633981218606683,,,,,,,,,,,,,,,,,,,,,,,,,,,,,Total number of triggers Bongrape,,,,,,,,,,,,,,,,,,,,,,,,,,,,,,,,
,,,,,,,,,,,,,,,,,,,,,,,,,,,,,,,,,,,,,,,,,,,,,,,,,,,,,,,,,,,,,,,,,,,,,,,,,,,,,,,,,,,,,,,,,,,,,,,,,,,,,,,,,,,,,,,,,,,,Trigger-related headache attack rate,,,,,,,0.7042766151046406,,,,,,,,,,,,,,,,,,,,,,,,,,,,,,,,,,,,,,,,,,,,,,,,,,,,,,,,,,,,,
,,,,,,,,,,,,,,,,,,,,,,,,,,,,,,,,,,,,,,,,,,,,,,,,,,,,,,,,,,,,,,,,,,,,,,,,,,,,,,,,,,,,,,,,,,,,,,,,,,,,,,,,,,,,,,,,,,,,,,,,,,,,,stress,excessive sleep,lack of sleep,work out,Not exercising,total exercise,physical fatigue,Menstrual cycle: menstruation,Menstrual cycle: ovulation,excessive emotional changes,Weather/temperature changes,excessive sunlight,noise,specific smell,lighting,drink,irregular eating,surfeit,Cheese/Chocolate,excessively caffeinated drinks,excessive smoking,travel,etc,,,Frequency of triggers,1,654,,,,,,,,,,,,,,,,,,,,,,,,,,,,,,,,
,,,,,,,,,,,,,,,,,,,,,,,,,,,,,,,,,,,,,,,,,,,,,,,,,,,,,,,,,,,,,,,,,,,,,,,,,,,,,,,,,,,,,,,,,,,,,,,,,,,,,,,,,,,,,,,,,,,,,,,,,,,,,0.11771129067481984,0.01594234549028172,0.09041275387639222,0.027080148504040183,0.03734439834024896,0.06442454684428915,0.10438960471718715,0.03603406857392444,0.0032758244158113126,0.020310111378030137,0.053723520419305525,0.008735531775496833,0.03363179733566281,0.018563005022930772,0.0015287180607119458,0.012229744485695566,0.04389604717187159,0.017907840139768507,0.006114872242847783,0.05394190871369295,0.02140205284996724,0.007425202009172308,0.03166630268617602,,,,2,514,,,,,,,,,,,,,,,,,,,,,,,,,,,,,,,,
,,,,,,,,,,,,,,,,,,,,,,,,,,,,,,,,,,,,,,,,,,,,,,,,,,,,,,,,,,,,,,,,,,,,,,,,,,,,,,,,,,,,,,,,,,,,,,,,,,,,,,,,,,,,,,,,,,,,Frequency of exposure to each trigger,,,,,,,,,32.39182692307692,4.387019230769231,24.879807692307693,7.451923076923077,10.276442307692308,17.728365384615383,28.725961538461537,9.915865384615383,0.9014423076923076,5.5889423076923075,14.783653846153847,2.4038461538461537,9.254807692307692,5.108173076923076,0.4206730769230769,3.3653846153846154,12.079326923076922,5.008669609079445,1.6826923076923077,14.84375,5.889423076923076,2.0432692307692304,8.713942307692307,,,,3,321,,,,,,,,,,,,,,,,,,,,,,,,,,,,,,,,
,,,,,,,,,,,,,,,,,,,,,,,,,,,,,,,,,,,,,,,,,,,,,,,,,,,,,,,,,,,,,,,,,,,,,,,,,,,,,,,,,,,,,,,,,,,,,,,,,,,,,,,,,,,,,,,,,,,,Contribution ratio of each trigger to total headaches,,,,,,,,,28.29845313921747,2.2747952684258417,20.74613284804368,1.1828935395814377,1.364877161055505,2.547770700636943,21.11010009099181,9.64513193812557,0.8189262966333031,5.823475887170155,10.009099181073704,2.0928116469517746,5.004549590536852,5.550500454959054,0.6369426751592357,4.003639672429482,5.823475887170155,2.0928116469517746,0.4549590536851683,2.9117379435850776,1.910828025477707,1.5468607825295724,12.192902638762511,,,,4,132,,,,,,,,,,,,,,,,,,,,,,,,,,,,,,,,
,,,,,,,,,,,,,,,,,,,,,,,,,,,,,,,,,,,,,,,,,,,,,,,,,,,,,,,,,,,,,,,,,,,,,,,,,,,,,,,,,,,,,,,,,,,,,,,,,,,,,,,,,,,,,,,,,,,,Contribution rate of each trigger in triggered migraine,,,,,,,,,0.4018087855297158,0.03229974160206718,0.29457364341085274,0.016795865633074936,0.01937984496124031,,0.2997416020671835,0.13695090439276486,0.011627906976744186,0.082687338501292,0.1421188630490956,0.029715762273901807,0.0710594315245478,0.07881136950904392,0.00904392764857881,0.056847545219638244,0.082687338501292,0.029715762273901807,0.006459948320413436,0.041343669250646,0.027131782945736434,0.021963824289405683,0.1731266149870801,,,,,,,,,,,,,,,,,,,,,,,,,,,,,,,,,,,,,
,,,,,,,,,,,,,,,,,,,,,,,,,,,,,,,,,,,,,,,,,,,,,,,,,,,,,,,,,,,,,,,,,,,,,,,,,,,,,,,,,,,,,,,,,,,,,,,,,,,,,,,,,2.7518028846153846,,,,,,,,,,,Influence of each trigger on migraine attacks,,,,,,,,,57.69944341372912,34.24657534246575,55.072463768115945,10.483870967741936,8.771929824561402,9.491525423728813,48.53556485355649,64.24242424242425,60,68.81720430107528,44.71544715447154,57.49999999999999,35.714285714285715,71.76470588235294,100,78.57142857142857,31.8407960199005,28.04878048780488,17.857142857142858,12.955465587044534,21.428571428571427,50,92.41379310344827,,,,>5,42,,,,,,,,,,,,,,,,,,,,,,,,,,,,,,,,
,,,,,,,,,,,,,,,,,,,,,,,,,,,,,,,,,,,,,,0.3548387096774194,,,,,,,,,,,,0.3709677419354839,,,,,,,,,,,,,,,,,,,,,,,,,,,,,,,,,,,,,,,,,,,,,,,,,,,,,,,,,,,,,,,,,,,,,,,,,,,,,,,,,,,,,,,,,,,,,,,,,,,,,,,,,,,,,,,,,,,,,,,,,,,,,,,,,,,,,,
,,,,,,,,,,,,,,,,,,,,,,,,,,,,,,,,,,,,,,,,,,,,,,,,,,,,,,,,,,,,,,,,,,,,,,,,,,,,,,,,,,,,,,,,,,,,,,,,,,,,,,,,,,,,,,,,,,,,,,,,,,,,,,,,,,,,,,,,,,,,,,,,,,,,,,,,,,,,,,,,,,,,,,,,,,,,,,,,,,,,,,,,
,,,,,,,,,,,,,,,,,,,,,,,,,,,,,,,,,,,,,,,,,,,,,,,,,,,,,,,20,,,,,,,,,,,,,,,,,,,,,,,,,,,,,,,,,,,,,,,,,,,,,,,,,,,,,,,,,,,,,,,,,,,,,,,,,,,,,,,,,,,,,,,,,,,,,,,,,,,,,,,,,,,,,,,,,,,,,,,,,,,,,,,,,
,,,,,,,,,,,,,,,,,,,,,,,,,,,,,,,,,,,,,,,,,,,,,,,,,,,,,,,,,,,,,,,,,,,,,,,,,,,,,,,,,,,,,,,,,,,,,,,,,,,,,,,,,,,,,,,,,,,,,,,,,,,,,,,,,,,,,,,,,,,,,,,,,,,,,,,,,,,,,,,,,,,,,,,,,,,,,,,,,,,,,,,,
,,,,,,,,,,,,,,,,,,,,,,,,,,,,,,,,,,,,,,,,,,,,,,,,,,,,,,,,,,,,,,,,,,,,,,,,,,,,,,,,,,,,,,,,,,,,,,,,,,,,,,,,,,,,,,,,,,,,,,,,,,,,,,,,,,,,,,,,,,,,,,,,,,,,,,,,,,,,,,,,,,,,,,,,,,,,,,,,,,,,,,,,
,,,,,,,,,,,,,,,,,,,,,,,,,,,,,,,,,,,,0.4032258064516129,,,,,,,,,,,,,,,,,,,,,,,,,,,,,,,,,,,,,,,,,,,,,,,,,,,,,,,,,,,,,,,,,,,,,,,,,,,,,,,,,,,,,,,,,,,,,,,,,,,,,,,,,,,,,,,,,,,,,,,,,,,,,,,,,,,,,,,,,,,,,,,,,,,,
,,,,,,,,,,,,,,,,,,,,,,,,,,,,,,,,,,,,,,,,,,,,,,,,,,,,,,,,,,,,,,,,,,,,,,,,,,,,,,,,,,,,,,,,,,,,,,,,,,,,,,,,,,,,,,,,,,,,,,,,,,,,,,,,,,,,,,,,,,,,,,,,,,,,,,,,,,,,,,,,,,,,,,,,,,,,,,,,,,,,,,,,
,,,,,,,,,,,,,,,,,,,,,,,,,,,,,,,,,,,,,,,,,,,,,,,,,,,,,,,,,,,,,,,,,,,,,,,,,,,,,,,,,,,,,,,,,,,,,,,,,,,,,,,,,,,,,,,,,,,,,,,,,,,,,,,,,,,,,,,,,,,,,,,,,,,,,,,,,,,,,,,,,,,,,,,,,,,,,,,,,,,,,,,,
,,,,,,,,,,,,,,,,,,,,,,,,,,,,,,,,,,,,,,,,,,,,,,,,,,,,,,,,,,,,,,,,,,,,,,,,,,,,,,,,,,,,,,,,,,,,,,,,,,,,,,,,,,,,,,,,,,,,,,,,,,,,,,,,,,,,,,,,,,,,,,,,,,,,,,,,,,,,,,,,,,,,,,,,,,,,,,,,,,,,,,,,
,,,,,,,,,,,,,,,,,0.8225806451612904,0.03225806451612903,,,,,,,,,,,,,,,0.3709677419354839,,,,,,,,,,,,,,,,,,,,,,,,,,,,,,,,,,,,,,,,,,,,,,,,,,,,,,,,,,,,,,,,,,,,,,,,,,,,,,,,,,,,,,,,,,,,,,,,,,,,,,,,,,,,,,,,,,,,,,,,,,,,,,,,,,,,,,,,,,,,,,,,,,,,,,,
,,,,,,,,,,,,,,,,,,,,,,,,,,,,,,,,,,,,,,,,,,,,,,,,,,,,,,,,,,,,,,,,,,,,,,,,,,,,,,,,,,,,,,,,,,,,,,,,,,,,,,,,,,,,,,,,,,,,,,,,,,,,,,,,,,,,,,,,,,,,,,,,,,,,,,,,,,,,,,,,,,,,,,,,,,,,,,,,,,,,,,,,
,,,,,,,,,,,,,,,,,,,,,,,,,,,,,,,,,,,,,,,,,,,,,,,,,,,,,,,,,,,,,,,,,,,,,,,,,,,,,,,,,,,,,,,,,,,,,,,,,,,,,,,,,,,,,,,,,,,,,,,,,,,,,,,,,,,,,,,,,,,,,,,,,,,,,,,,,,,,,,,,,,,,,,,,,,,,,,,,,,,,,,,,
,,,,,,,,,,,,,,,,,,,,,,,,,,,,,,,,,,,,,,,,,,,,,,,,,,,,,,,,,,,,,,,,,,,,,,,,,,,,,,,,,,,,,,,,,,,,,,,,,,,,,,0.4651442307692308,,,,,,,,,,,,,,,,,,,,,,,,,,,,,,,,,,,,,,,,,,,,,,,,,,,,,,,,,,,,,,,,,,,,,,,,,,,,,,,,,,
,,,,,,,,,,,,,,,,,,,,,,,,,,,,,,,,,,,,,,,,,,,,,,,,,,,,,,,,,,,,,,,,,,,,,,,,,,,,,,,,,,,,,,,,,,,,,,,,,,,,,,,,,,,,,,,,,,,,,,,,,,,,,,,,,,,,,,,,,,,,,,,,,,,,,,,,,,,,,,,,,,,,,,,,,,,,,,,,,,,,,,,,
,,,,,,,,,,,,,,,,,,,,,,,,,,,,,,,,,,,,,,,,,,,,,,,,,,,,,,,,,,,,,,,,,,,,,,,,,,,,,,,,,,,,,,,,,,,,,,,,,,,,,,,,,,,,,,,,,,,,,,,,,,,,,,,,,,,,,,,,,,,,,,,,,,,,,,,,,,,,,,,,,,,,,,,,,,,,,,,,,,,,,,,,
,,,,,,,,,,,,,,,,,,,,,,,,,,,,,,,,,,,,,,,,,,,,,,,,,,,,,,,,,,,,,,,,,,,,,,,,,,,,,,,,,,,,,,,,,,,,,,,,,,,,,,,,,,,,,,,,,,,,,,,,,,,,,,,,,,,,,,,,,,,,,,,,,,,,,,,,,,,,,,,,,,,,,,,,,,,,,,,,,,,,,,,,
,,,,,,,,,,,,,,,,,,,,,,,,,,,,,,,,,,,,,,,,,,,,,,,,,,,,,,,,,,,,,,,,,,,,,,,,,,,,,,,,,,,,,,,,,,,,,,,,,,,,,,,,,,,,,,,,,,,,,,,,,,,,,,,,,,,,,,,,,,,,,,,,,,,,,,,,,,,,,,,,,,,,,,,,,,,,,,,,,,,,,,,,
,,,,,,,,,,,,,,,,,,,,,,,,,,,,,,,,,,,,,,,,,,,,,,,,,,,,,,,,,,,,,,,,,,,,,,,,,,,,,,,,,,,,,,,,,,,,,,,,,,,,,,,,,,,,,,,,,,,,,,,,,,,,,,,,,,,,,,,,,,,,,,,,,,,,,,,,,,,,,,,,,,,,,,,,,,,,,,,,,,,,,,,,
,,,,,,,,,,,,,,,,,,,,,,,,,,,,,,,,,,,,,,,,,,,,,,,,,,,,,,,,,,,,,,,,,,,,,,,,,,,,,,,,,,,,,,,,,,,,,,,,,,,,,,,,,,,,,,,,,,,,,,,,,,,,,,,,,,,,,,,,,,,,,,,,,,,,,,,,,,,,,,,,,,,,,,,,,,,,,,,,,,,,,,,,
,,,,,,,,,,,,,,,,,,,,,,,,,,,,,,,,,,,,,,,,,,,,,,,,,,,,,,,,,,,,,,,,,,,,,,,,,,,,,,,,,,,,,,,,,,,,,,,,,,,,,,,,,,,,,,,,,,,,,,,,,,,,,,,,,,,,,,,,,,,,,,,,,,,,,,,,,,,,,,,,,,,,,,,,,,,,,,,,,,,,,,,,
,,,,,,,,,,,,,,,,,,,,,,,,,,,,,,,,,,,,,,,,,,,,,,,,,,,,,,,,,,,,,,,,,,,,,,,,,,,,,,,,,,,,,,,,,,,,,,,,,,,,,,,,,,,,,,,,,,,,,,,,,,,,,,,,,,,,,,,,,,,,,,,,,,,,,,,,,,,,,,,,,,,,,,,,,,,,,,,,,,,,,,,,
,,,,,,,,,,,,,,,,,,,,,,,,,,,,,,,,,,,,,,,,,,,,,,,,,,,,,,,,,,,,,,,,,,,,,,,,,,,,,,,,,,,,,,,,,,,,,,,,,,,,,,,,,,,,,,,,,,,,,,,,,,,,,,,,,,,,,,,,,,,,,,,,,,,,,,,,,,,,,,,,,,,,,,,,,,,,,,,,,,,,,,,,
,,,,,,,,,,,,,,,,,,,,,,,,,,,,,,,,,,,,,,,,,,,,,,,,,,,,,,,,,,,,,,,,,,,,,,,,,,,,,,,,,,,,,,,,,,,,,,,,,,,,,,,,,,,,,,,,,,,,,,,,,,,,,,,,,,,,,,,,,,,,,,,,,,,,,,,,,,,,,,,,,,,,,,,,,,,,,,,,,,,,,,,,
,,,,,,,,,,,,,,,,,,,,,,,,,,,,,,,,,,,,,,,,,,,,,,,,,,,,,,,,,,,,,,,,,,,,,,,,,,,,,,,,,,,,,,,,,,,,,,,,,,,,,,,,,,,,,,,,,,,,,,,,,,,,,,,,,,,,,,,,,,,,,,,,,,,,,,,,,,,,,,,,,,,,,,,,,,,,,,,,,,,,,,,,
,,,,,,,,,,,,,,,,,,,,,,,,,,,,,,,,,,,,,,,,,,,,,,,,,,,,,,,,,,,,,,,,,,,,,,,,,,,,,,,,,,,,,,,,,,,,,,,,,,,,,,,,,,,,,,,,,,,,,,,,,,,,,,,,,,,,,,,,,,,,,,,,,,,,,,,,,,,,,,,,,,,,,,,,,,,,,,,,,,,,,,,,
,,,,,,,,,,,,,,,,,,,,,,,,,,,,,,,,,,,,,,,,,,,,,,,,,,,,,,,,,,,,,,,,,,,,,,,,,,,,,,,,,,,,,,,,,,,,,,,,,,,,,,,,,,,,,,,,,,,,,,,,,,,,,,,,,,,,,,,,,,,,,,,,,,,,,,,,,,,,,,,,,,,,,,,,,,,,,,,,,,,,,,,,
,,,,,,,,,,,,,,,,,,,,,,,,,,,,,,,,,,,,,,,,,,,,,,,,,,,,,,,,,,,,,,,,,,,,,,,,,,,,,,,,,,,,,,,,,,,,,,,,,,,,,,,,,,,,,,,,,,,,,,,,,,,,,,,,,,,,,,,,,,,,,,,,,,,,,,,,,,,,,,,,,,,,,,,,,,,,,,,,,,,,,,,,
,,,,,,,,,,,,,,,,,,,,,,,,,,,,,,,,,,,,,,,,,,,,,,,,,,,,,,,,,,,,,,,,,,,,,,,,,,,,,,,,,,,,,,,,,,,,,,,,,,,,,,,,,,,,,,,,,,,,,,,,,,,,,,,,,,,,,,,,,,,,,,,,,,,,,,,,,,,,,,,,,,,,,,,,,,,,,,,,,,,,,,,,
,,,,,,,,,,,,,,,,,,,,,,,,,,,,,,,,,,,,,,,,,,,,,,,,,,,,,,,,,,,,,,,,,,,,,,,,,,,,,,,,,,,,,,,,,,,,,,,,,,,,,,,,,,,,,,,,,,,,,,,,,,,,,,,,,,,,,,,,,,,,,,,,,,,,,,,,,,,,,,,,,,,,,,,,,,,,,,,,,,,,,,,,
,,,,,,,,,,,,,,,,,,,,,,,,,,,,,,,,,,,,,,,,,,,,,,,,,,,,,,,,,,,,,,,,,,,,,,,,,,,,,,,,,,,,,,,,,,,,,,,,,,,,,,,,,,,,,,,,,,,,,,,,,,,,,,,,,,,,,,,,,,,,,,,,,,,,,,,,,,,,,,,,,,,,,,,,,,,,,,,,,,,,,,,,
,,,,,,,,,,,,,,,,,,,,,,,,,,,,,,,,,,,,,,,,,,,,,,,,,,,,,,,,,,,,,,,,,,,,,,,,,,,,,,,,,,,,,,,,,,,,,,,,,,,,,,,,,,,,,,,,,,,,,,,,,,,,,,,,,,,,,,,,,,,,,,,,,,,,,,,,,,,,,,,,,,,,,,,,,,,,,,,,,,,,,,,,
,,,,,,,,,,,,,,,,,,,,,,,,,,,,,,,,,,,,,,,,,,,,,,,,,,,,,,,,,,,,,,,,,,,,,,,,,,,,,,,,,,,,,,,,,,,,,,,,,,,,,,,,,,,,,,,,,,,,,,,,,,,,,,,,,,,,,,,,,,,,,,,,,,,,,,,,,,,,,,,,,,,,,,,,,,,,,,,,,,,,,,,,
,,,,,,,,,,,,,,,,,,,,,,,,,,,,,,,,,,,,,,,,,,,,,,,,,,,,,,,,,,,,,,,,,,,,,,,,,,,,,,,,,,,,,,,,,,,,,,,,,,,,,,,,,,,,,,,,,,,,,,,,,,,,,,,,,,,,,,,,,,,,,,,,,,,,,,,,,,,,,,,,,,,,,,,,,,,,,,,,,,,,,,,,
,,,,,,,,,,,,,,,,,,,,,,,,,,,,,,,,,,,,,,,,,,,,,,,,,,,,,,,,,,,,,,,,,,,,,,,,,,,,,,,,,,,,,,,,,,,,,,,,,,,,,,,,,,,,,,,,,,,,,,,,,,,,,,,,,,,,,,,,,,,,,,,,,,,,,,,,,,,,,,,,,,,,,,,,,,,,,,,,,,,,,,,,
,,,,,,,,,,,,,,,,,,,,,,,,,,,,,,,,,,,,,,,,,,,,,,,,,,,,,,,,,,,,,,,,,,,,,,,,,,,,,,,,,,,,,,,,,,,,,,,,,,,,,,,,,,,,,,,,,,,,,,,,,,,,,,,,,,,,,,,,,,,,,,,,,,,,,,,,,,,,,,,,,,,,,,,,,,,,,,,,,,,,,,,,
,,,,,,,,,,,,,,,,,,,,,,,,,,,,,,,,,,,,,,,,,,,,,,,,,,,,,,,,,,,,,,,,,,,,,,,,,,,,,,,,,,,,,,,,,,,,,,,,,,,,,,,,,,,,,,,,,,,,,,,,,,,,,,,,,,,,,,,,,,,,,,,,,,,,,,,,,,,,,,,,,,,,,,,,,,,,,,,,,,,,,,,,
,,,,,,,,,,,,,,,,,,,,,,,,,,,,,,,,,,,,,,,,,,,,,,,,,,,,,,,,,,,,,,,,,,,,,,,,,,,,,,,,,,,,,,,,,,,,,,,,,,,,,,,,,,,,,,,,,,,,,,,,,,,,,,,,,,,,,,,,,,,,,,,,,,,,,,,,,,,,,,,,,,,,,,,,,,,,,,,,,,,,,,,,
,,,,,,,,,,,,,,,,,,,,,,,,,,,,,,,,,,,,,,,,,,,,,,,,,,,,,,,,,,,,,,,,,,,,,,,,,,,,,,,,,,,,,,,,,,,,,,,,,,,,,,,,,,,,,,,,,,,,,,,,,,,,,,,,,,,,,,,,,,,,,,,,,,,,,,,,,,,,,,,,,,,,,,,,,,,,,,,,,,,,,,,,
,,,,,,,,,,,,,,,,,,,,,,,,,,,,,,,,,,,,,,,,,,,,,,,,,,,,,,,,,,,,,,,,,,,,,,,,,,,,,,,,,,,,,,,,,,,,,,,,,,,,,,,,,,,,,,,,,,,,,,,,,,,,,,,,,,,,,,,,,,,,,,,,,,,,,,,,,,,,,,,,,,,,,,,,,,,,,,,,,,,,,,,,
,,,,,,,,,,,,,,,,,,,,,,,,,,,,,,,,,,,,,,,,,,,,,,,,,,,,,,,,,,,,,,,,,,,,,,,,,,,,,,,,,,,,,,,,,,,,,,,,,,,,,,,,,,,,,,,,,,,,,,,,,,,,,,,,,,,,,,,,,,,,,,,,,,,,,,,,,,,,,,,,,,,,,,,,,,,,,,,,,,,,,,,,
,,,,,,,,,,,,,,,,,,,,,,,,,,,,,,,,,,,,,,,,,,,,,,,,,,,,,,,,,,,,,,,,,,,,,,,,,,,,,,,,,,,,,,,,,,,,,,,,,,,,,,,,,,,,,,,,,,,,,,,,,,,,,,,,,,,,,,,,,,,,,,,,,,,,,,,,,,,,,,,,,,,,,,,,,,,,,,,,,,,,,,,,
,,,,,,,,,,,,,,,,,,,,,,,,,,,,,,,,,,,,,,,,,,,,,,,,,,,,,,,,,,,,,,,,,,,,,,,,,,,,,,,,,,,,,,,,,,,,,,,,,,,,,,,,,,,,,,,,,,,,,,,,,,,,,,,,,,,,,,,,,,,,,,,,,,,,,,,,,,,,,,,,,,,,,,,,,,,,,,,,,,,,,,,,
,,,,,,,,,,,,,,,,,,,,,,,,,,,,,,,,,,,,,,,,,,,,,,,,,,,,,,,,,,,,,,,,,,,,,,,,,,,,,,,,,,,,,,,,,,,,,,,,,,,,,,,,,,,,,,,,,,,,,,,,,,,,,,,,,,,,,,,,,,,,,,,,,,,,,,,,,,,,,,,,,,,,,,,,,,,,,,,,,,,,,,,,
,,,,,,,,,,,,,,,,,,,,,,,,,,,,,,,,,,,,,,,,,,,,,,,,,,,,,,,,,,,,,,,,,,,,,,,,,,,,,,,,,,,,,,,,,,,,,,,,,,,,,,,,,,,,,,,,,,,,,,,,,,,,,,,,,,,,,,,,,,,,,,,,,,,,,,,,,,,,,,,,,,,,,,,,,,,,,,,,,,,,,,,,
,,,,,,,,,,,,,,,,,,,,,,,,,,,,,,,,,,,,,,,,,,,,,,,,,,,,,,,,,,,,,,,,,,,,,,,,,,,,,,,,,,,,,,,,,,,,,,,,,,,,,,,,,,,,,,,,,,,,,,,,,,,,,,,,,,,,,,,,,,,,,,,,,,,,,,,,,,,,,,,,,,,,,,,,,,,,,,,,,,,,,,,,
,,,,,,,,,,,,,,,,,,,,,,,,,,,,,,,,,,,,,,,,,,,,,,,,,,,,,,,,,,,,,,,,,,,,,,,,,,,,,,,,,,,,,,,,,,,,,,,,,,,,,,,,,,,,,,,,,,,,,,,,,,,,,,,,,,,,,,,,,,,,,,,,,,,,,,,,,,,,,,,,,,,,,,,,,,,,,,,,,,,,,,,,
,,,,,,,,,,,,,,,,,,,,,,,,,,,,,,,,,,,,,,,,,,,,,,,,,,,,,,,,,,,,,,,,,,,,,,,,,,,,,,,,,,,,,,,,,,,,,,,,,,,,,,,,,,,,,,,,,,,,,,,,,,,,,,,,,,,,,,,,,,,,,,,,,,,,,,,,,,,,,,,,,,,,,,,,,,,,,,,,,,,,,,,,
,,,,,,,,,,,,,,,,,,,,,,,,,,,,,,,,,,,,,,,,,,,,,,,,,,,,,,,,,,,,,,,,,,,,,,,,,,,,,,,,,,,,,,,,,,,,,,,,,,,,,,,,,,,,,,,,,,,,,,,,,,,,,,,,,,,,,,,,,,,,,,,,,,,,,,,,,,,,,,,,,,,,,,,,,,,,,,,,,,,,,,,,
,,,,,,,,,,,,,,,,,,,,,,,,,,,,,,,,,,,,,,,,,,,,,,,,,,,,,,,,,,,,,,,,,,,,,,,,,,,,,,,,,,,,,,,,,,,,,,,,,,,,,,,,,,,,,,,,,,,,,,,,,,,,,,,,,,,,,,,,,,,,,,,,,,,,,,,,,,,,,,,,,,,,,,,,,,,,,,,,,,,,,,,,
,,,,,,,,,,,,,,,,,,,,,,,,,,,,,,,,,,,,,,,,,,,,,,,,,,,,,,,,,,,,,,,,,,,,,,,,,,,,,,,,,,,,,,,,,,,,,,,,,,,,,,,,,,,,,,,,,,,,,,,,,,,,,,,,,,,,,,,,,,,,,,,,,,,,,,,,,,,,,,,,,,,,,,,,,,,,,,,,,,,,,,,,
,,,,,,,,,,,,,,,,,,,,,,,,,,,,,,,,,,,,,,,,,,,,,,,,,,,,,,,,,,,,,,,,,,,,,,,,,,,,,,,,,,,,,,,,,,,,,,,,,,,,,,,,,,,,,,,,,,,,,,,,,,,,,,,stess,over sleep,sleep deprive.,exercise,fatigue,menstruation,emotional change,weather change,bright sunlight,noise,odors,alcohol,fasting,overeat,cheese/choloate,caffein derivatives,smoking,traveling,,,,,,,,,,,,,,,,,,,,,,,,,,,,,,,,,,,,,,,,
,,,,,,,,,,,,,,,,,,,,,,,,,,,,,,,,,,,,,,,,,,,,,,,,,,,,,,,,,,,,,,,,,,,,,,,,,,,,,,,,,,,,,,,,,,,,,,,,,,,,,,,,,,,,,,,,,,,,,,,,,,,,,,,,,,,,,,,,,,,,,,,,,,,,,,,,,,,,,,,,,,,,,,,,,,,,,,,,,,,,,,,,
,,,,,,,,,,,,,,,,,,,,,,,,,,,,,,,,,,,,,,,,,,,,,,,,,,,,,,,,,,,,,,,,,,,,,,,,,,,,,,,,,,,,,,,,,,,,,,,,,,,,,,,,,,,,,,,,,,,,,,,,,,,,,,Proportion of trigger in headache attack,28.29845313921747,2.2747952684258417,20.74613284804368,3,21.11010009099181,9.64513193812557,5.823475887170155,10.009099181073704,2.0928116469517746,5.004549590536852,5.550500454959054,4.003639672429482,5.823475887170155,2.0928116469517746,0.4549590536851683,2.9117379435850776,1.910828025477707,1.5468607825295724,,,,,,,,,,,,,,,,,,,,,,,,,,,,,,,,,,,,,,,,
,,,,,,,,,,,,,,,,,,,,,,,,,,,,,,,,,,,,,,,,,,,,,,,,,,,,,,,,,,,,,,,,,,,,,,,,,,,,,,,,,,,,,,,,,,,,,,,,,,,,,,,,,,,,,,,,,,,,,,,,,,,,,,Proportion of headaches in presence of triggers,57.69944341372912,34.24657534246575,55.072463768115945,9,48.53556485355649,64.24242424242425,68.81720430107528,44.71544715447154,57.49999999999999,35.714285714285715,71.76470588235294,78.57142857142857,31.8407960199005,28.04878048780488,17.857142857142858,12.955465587044534,21.428571428571427,50,,,,,,,,,,,,,,,,,,,,,,,,,,,,,,,,,,,,,,,,
